取出情報,ダム,,,,,,
取出間隔,10分間隔,,,,,,
取出期間,　2023/06/25〜,,　2023/07/02,,,,
,,,,,,,
ダム名,厚東川ダム,,,,,,
洪水量,300,,,,,,
観測時刻,60分雨量,累加雨量,貯水位,貯水率,流入量,全放流量,調整流量
　2023/06/25 00:10,,,36.75,97.1,6.13,6.13,0
　2023/06/25 00:20,,,36.75,97.1,6.13,6.14,0.01
　2023/06/25 00:30,,,36.75,97.1,6.13,6.13,0
　2023/06/25 00:40,,,36.75,97.1,6.13,6.14,0.01
　2023/06/25 00:50,,,36.75,97.1,6.14,6.12,-0.02
　2023/06/25 01:00,0,0,36.75,97.1,6.14,6.13,-0.01
　2023/06/25 01:10,,,36.75,97.1,6.13,6.14,0.01
　2023/06/25 01:20,,,36.75,97.1,6.13,6.13,0
　2023/06/25 01:30,,,36.75,97.1,6.13,6.14,0.01
　2023/06/25 01:40,,,36.75,97.1,6.13,6.13,0
　2023/06/25 01:50,,,36.75,97.1,6.13,6.14,0.01
　2023/06/25 02:00,0,0,36.75,97.1,6.13,6.13,0
　2023/06/25 02:10,,,36.75,97.1,6.13,6.13,0
　2023/06/25 02:20,,,36.75,97.1,6.13,6.13,0
　2023/06/25 02:30,,,36.75,97.1,6.13,6.14,0.01
　2023/06/25 02:40,,,36.75,97.1,6.13,6.13,0
　2023/06/25 02:50,,,36.75,97.1,6.13,6.13,0
　2023/06/25 03:00,0,0,36.75,97.1,6.13,6.11,-0.02
　2023/06/25 03:10,,,36.75,97.1,6.13,6.14,0.01
　2023/06/25 03:20,,,36.75,97.1,6.13,6.13,0
　2023/06/25 03:30,,,36.75,97.1,6.13,6.13,0
　2023/06/25 03:40,,,36.75,97.1,6.13,6.12,-0.01
　2023/06/25 03:50,,,36.75,97.1,6.13,6.11,-0.02
　2023/06/25 04:00,0,0,36.75,97.1,6.13,6.14,0.01
　2023/06/25 04:10,,,36.75,97.1,6.13,6.13,0
　2023/06/25 04:20,,,36.75,97.1,6.13,6.13,0
　2023/06/25 04:30,,,36.75,97.1,6.13,6.14,0.01
　2023/06/25 04:40,,,36.75,97.1,6.13,6.14,0.01
　2023/06/25 04:50,,,36.75,97.1,6.13,6.13,0
　2023/06/25 05:00,0,0,36.75,97.1,6.14,6.14,0
　2023/06/25 05:10,,,36.75,97.1,6.14,6.12,-0.02
　2023/06/25 05:20,,,36.75,97.1,6.13,6.15,0.02
　2023/06/25 05:30,,,36.75,97.1,6.13,6.14,0.01
　2023/06/25 05:40,,,36.75,97.1,6.13,6.13,0
　2023/06/25 05:50,,,36.75,97.1,6.13,6.13,0
　2023/06/25 06:00,0,0,36.75,97.1,6.13,6.14,0.01
　2023/06/25 06:10,,,36.75,97.1,6.13,6.14,0.01
　2023/06/25 06:20,,,36.75,97.1,6.13,6.14,0.01
　2023/06/25 06:30,,,36.75,97.1,6.13,6.14,0.01
　2023/06/25 06:40,,,36.75,97.1,6.13,6.14,0.01
　2023/06/25 06:50,,,36.75,97.1,6.13,6.12,-0.01
　2023/06/25 07:00,0,0,36.75,97.1,6.13,6.12,-0.01
　2023/06/25 07:10,,,36.75,97.1,6.13,6.14,0.01
　2023/06/25 07:20,,,36.75,97.1,6.13,6.16,0.03
　2023/06/25 07:30,,,36.75,97.1,6.13,6.12,-0.01
　2023/06/25 07:40,,,36.75,97.1,6.13,6.15,0.02
　2023/06/25 07:50,,,36.75,97.1,6.13,6.14,0.01
　2023/06/25 08:00,0,0,36.75,97.1,6.13,6.13,0
　2023/06/25 08:10,,,36.75,97.1,6.13,6.13,0
　2023/06/25 08:20,,,36.75,97.1,6.13,6.11,-0.02
　2023/06/25 08:30,,,36.75,97.1,6.13,6.12,-0.01
　2023/06/25 08:40,,,36.75,97.1,6.13,6.13,0
　2023/06/25 08:50,,,36.75,97.1,6.13,6.14,0.01
　2023/06/25 09:00,0,0,36.75,97.1,6.13,6.13,0
　2023/06/25 09:10,,,36.75,97.1,6.13,6.12,-0.01
　2023/06/25 09:20,,,36.75,97.1,6.13,6.13,0
　2023/06/25 09:30,,,36.75,97.1,6.13,6.13,0
　2023/06/25 09:40,,,36.75,97.1,6.13,6.13,0
　2023/06/25 09:50,,,36.75,97.1,6.13,6.14,0.01
　2023/06/25 10:00,0,0,36.75,97.1,6.13,6.14,0.01
　2023/06/25 10:10,,,36.75,97.1,6.13,6.13,0
　2023/06/25 10:20,,,36.75,97.1,6.13,6.12,-0.01
　2023/06/25 10:30,,,36.75,97.1,6.13,6.12,-0.01
　2023/06/25 10:40,,,36.75,97.1,6.13,6.13,0
　2023/06/25 10:50,,,36.75,97.1,6.13,6.12,-0.01
　2023/06/25 11:00,0,0,36.75,97.1,6.13,6.13,0
　2023/06/25 11:10,,,36.75,97.1,6.13,6.14,0.01
　2023/06/25 11:20,,,36.75,97.1,6.13,6.12,-0.01
　2023/06/25 11:30,,,36.75,97.1,6.13,6.13,0
　2023/06/25 11:40,,,36.75,97.1,6.13,6.11,-0.02
　2023/06/25 11:50,,,36.75,97.1,6.13,6.13,0
　2023/06/25 12:00,0,0,36.75,97.1,6.13,6.14,0.01
　2023/06/25 12:10,,,36.75,97.1,6.13,6.13,0
　2023/06/25 12:20,,,36.75,97.1,6.13,6.13,0
　2023/06/25 12:30,,,36.75,97.1,6.13,6.13,0
　2023/06/25 12:40,,,36.75,97.1,6.13,6.13,0
　2023/06/25 12:50,,,36.75,97.1,6.13,6.13,0
　2023/06/25 13:00,0,0,36.75,97.1,6.13,6.14,0.01
　2023/06/25 13:10,,,36.75,97.1,6.13,6.14,0.01
　2023/06/25 13:20,,,36.75,97.1,6.13,6.14,0.01
　2023/06/25 13:30,,,36.75,97.1,6.13,6.12,-0.01
　2023/06/25 13:40,,,36.75,97.1,6.13,6.12,-0.01
　2023/06/25 13:50,,,36.75,97.1,6.13,6.11,-0.02
　2023/06/25 14:00,0,0,36.75,97.1,6.13,6.14,0.01
　2023/06/25 14:10,,,36.75,97.1,6.13,6.12,-0.01
　2023/06/25 14:20,,,36.75,97.1,6.13,6.13,0
　2023/06/25 14:30,,,36.75,97.1,6.12,6.14,0.02
　2023/06/25 14:40,,,36.75,97.1,6.12,6.13,0.01
　2023/06/25 14:50,,,36.75,97.1,6.13,6.14,0.01
　2023/06/25 15:00,0,0,36.75,97.1,6.13,6.12,-0.01
　2023/06/25 15:10,,,36.75,97.1,6.13,6.12,-0.01
　2023/06/25 15:20,,,36.75,97.1,6.13,6.14,0.01
　2023/06/25 15:30,,,36.75,97.1,6.13,6.13,0
　2023/06/25 15:40,,,36.75,97.1,6.13,6.14,0.01
　2023/06/25 15:50,,,36.75,97.1,6.13,6.15,0.02
　2023/06/25 16:00,0,0,36.75,97.1,6.13,6.14,0.01
　2023/06/25 16:10,,,36.75,97.1,6.14,6.14,0
　2023/06/25 16:20,,,36.75,97.1,6.14,6.14,0
　2023/06/25 16:30,,,36.75,97.1,6.14,6.13,-0.01
　2023/06/25 16:40,,,36.75,97.1,6.14,6.14,0
　2023/06/25 16:50,,,36.75,97.1,6.14,6.14,0
　2023/06/25 17:00,0,0,36.75,97.1,6.14,6.13,-0.01
　2023/06/25 17:10,,,36.75,97.1,6.13,6.13,0
　2023/06/25 17:20,,,36.75,97.1,6.13,6.14,0.01
　2023/06/25 17:30,,,36.75,97.1,6.13,6.13,0
　2023/06/25 17:40,,,36.75,97.1,6.13,6.14,0.01
　2023/06/25 17:50,,,36.75,97.1,6.13,6.15,0.02
　2023/06/25 18:00,0,0,36.75,97.1,6.13,6.14,0.01
　2023/06/25 18:10,,0,36.75,97.1,6.13,6.13,0
　2023/06/25 18:20,,0,36.75,97.1,6.13,6.13,0
　2023/06/25 18:30,,0,36.75,97.1,6.13,6.14,0.01
　2023/06/25 18:40,,0,36.75,97.1,6.13,6.13,0
　2023/06/25 18:50,,0,36.75,97.1,6.13,6.14,0.01
　2023/06/25 19:00,0,0,36.75,97.1,6.13,6.14,0.01
　2023/06/25 19:10,0,0,36.75,97.1,6.13,6.12,-0.01
　2023/06/25 19:20,0,0,36.75,97.1,6.13,6.12,-0.01
　2023/06/25 19:30,0,0,36.75,97.1,6.13,6.12,-0.01
　2023/06/25 19:40,0,0,36.75,97.1,6.12,6.12,0
　2023/06/25 19:50,0,0,36.75,97.1,6.12,6.12,0
　2023/06/25 20:00,0,0,36.75,97.1,6.12,6.11,-0.01
　2023/06/25 20:10,0,0,36.75,97.1,6.12,6.12,0
　2023/06/25 20:20,0,0,36.75,97.1,6.12,6.11,-0.01
　2023/06/25 20:30,0,0,36.75,97.1,6.12,6.11,-0.01
　2023/06/25 20:40,0,0,36.75,97.1,6.12,6.12,0
　2023/06/25 20:50,0,0,36.75,97.1,6.12,6.12,0
　2023/06/25 21:00,0,0,36.75,97.1,6.12,6.12,0
　2023/06/25 21:10,0,0,36.75,97.1,6.12,6.12,0
　2023/06/25 21:20,1,1,36.75,97.1,6.12,6.13,0.01
　2023/06/25 21:30,1,1,36.75,97.1,6.12,6.11,-0.01
　2023/06/25 21:40,1,1,36.75,97.1,6.12,6.12,0
　2023/06/25 21:50,2,2,36.75,97.1,6.12,6.11,-0.01
　2023/06/25 22:00,2,2,36.75,97.1,6.12,6.12,0
　2023/06/25 22:10,2,2,36.75,97.1,6.12,6.12,0
　2023/06/25 22:20,2,3,36.75,97.1,6.12,6.13,0.01
　2023/06/25 22:30,2,3,36.75,97.1,6.12,6.12,0
　2023/06/25 22:40,2,3,36.75,97.1,6.12,6.11,-0.01
　2023/06/25 22:50,2,4,36.75,97.1,6.12,6.12,0
　2023/06/25 23:00,2,4,36.75,97.1,6.12,6.12,0
　2023/06/25 23:10,3,5,36.75,97.1,6.12,6.13,0.01
　2023/06/25 23:20,3,6,36.75,97.1,6.12,6.11,-0.01
　2023/06/25 23:30,4,7,36.75,97.1,6.12,6.13,0.01
　2023/06/25 23:40,5,8,36.75,97.1,6.12,6.11,-0.01
　2023/06/25 23:50,5,9,36.75,97.1,6.12,6.12,0
　2023/06/25 24:00,6,10,36.75,97.1,6.12,6.11,-0.01
　2023/06/26 00:10,6,11,36.76,97.2,11.24,6.12,-5.12
　2023/06/26 00:20,7,13,36.76,97.2,11.81,6.12,-5.69
　2023/06/26 00:30,7,14,36.76,97.2,11.81,6.13,-5.68
　2023/06/26 00:40,7,15,36.76,97.2,11.81,6.12,-5.69
　2023/06/26 00:50,7,16,36.76,97.2,11.82,6.12,-5.7
　2023/06/26 01:00,8,18,36.77,97.4,17.51,6.12,-11.39
　2023/06/26 01:10,7,18,36.77,97.4,12.38,6.11,-6.27
　2023/06/26 01:20,7,20,36.77,97.4,11.81,6.12,-5.69
　2023/06/26 01:30,7,21,36.77,97.4,11.82,8.56,-3.26
　2023/06/26 01:40,6,21,36.78,97.5,15.51,8.6,-6.91
　2023/06/26 01:50,11,27,36.78,97.5,18.24,9.19,-9.05
　2023/06/26 02:00,15,33,36.79,97.6,17.62,9.18,-8.44
　2023/06/26 02:10,19,37,36.8,97.7,20.4,9.17,-11.23
　2023/06/26 02:20,22,42,36.81,97.8,27.76,9.16,-18.6
　2023/06/26 02:30,25,46,36.81,97.8,31.69,9.16,-22.53
　2023/06/26 02:40,30,51,36.82,97.9,34.23,9.16,-25.07
　2023/06/26 02:50,30,57,36.83,98,35.43,9.16,-26.27
　2023/06/26 03:00,28,61,36.85,98.3,41.75,9.17,-32.58
　2023/06/26 03:10,27,64,36.87,98.5,49.78,9.18,-40.6
　2023/06/26 03:20,29,71,36.88,98.6,51.52,9.18,-42.34
　2023/06/26 03:30,25,71,36.9,98.8,52.09,9.18,-42.91
　2023/06/26 03:40,20,71,36.91,99,57.86,9.18,-48.68
　2023/06/26 03:50,14,71,36.93,99.2,63.72,9.2,-54.52
　2023/06/26 04:00,10,71,36.93,99.2,58.07,9.2,-48.87
　2023/06/26 04:10,7,71,36.94,99.3,51.26,9.19,-42.07
　2023/06/26 04:20,0,71,36.96,99.5,51.39,9.19,-42.2
　2023/06/26 04:30,0,71,36.97,99.7,56.09,9.19,-46.9
　2023/06/26 04:40,0,71,36.97,99.7,48.57,30.93,-17.64
　2023/06/26 04:50,0,71,36.97,99.7,42.95,36.52,-6.43
　2023/06/26 05:00,0,71,36.99,99.9,48.47,36.59,-11.88
　2023/06/26 05:10,0,71,36.99,99.9,55.18,47.18,-8
　2023/06/26 05:20,0,71,36.99,99.9,52.8,52.8,0
　2023/06/26 05:30,0,71,36.98,99.8,48.11,58.34,10.23
　2023/06/26 05:40,1,72,36.98,99.8,49.99,58.34,8.35
　2023/06/26 05:50,1,72,36.98,99.8,54.51,58.33,3.82
　2023/06/26 06:00,1,72,36.98,99.8,51.95,58.33,6.38
　2023/06/26 06:10,1,72,36.98,99.8,49.94,58.33,8.39
　2023/06/26 06:20,2,73,36.97,99.7,46.32,52.67,6.35
　2023/06/26 06:30,2,73,36.97,99.7,49,52.68,3.68
　2023/06/26 06:40,1,73,36.97,99.7,50.4,52.68,2.28
　2023/06/26 06:50,1,73,36.96,99.5,47.71,47.04,-0.67
　2023/06/26 07:00,1,73,36.96,99.5,42.1,47.02,4.92
　2023/06/26 07:10,1,73,36.96,99.5,40.21,47.01,6.8
　2023/06/26 07:20,0,73,36.96,99.5,43.81,47.02,3.21
　2023/06/26 07:30,0,73,36.96,99.5,43.42,47.01,3.59
　2023/06/26 07:40,0,73,36.96,99.5,42.48,47,4.52
　2023/06/26 07:50,0,73,36.96,99.5,43.29,47.01,3.72
　2023/06/26 08:00,0,73,36.96,99.5,47.01,47.01,0
　2023/06/26 08:10,0,73,36.95,99.4,41.78,46.97,5.19
　2023/06/26 08:20,0,73,36.95,99.4,41.17,39.71,-1.46
　2023/06/26 08:30,0,73,36.95,99.4,40.23,38.73,-1.5
　2023/06/26 08:40,0,73,36.95,99.4,38.82,33.16,-5.66
　2023/06/26 08:50,0,73,36.95,99.4,36.69,31.04,-5.65
　2023/06/26 09:00,0,73,36.95,99.4,34.03,20.5,-13.53
　2023/06/26 09:10,0,73,36.96,99.5,36.62,20.12,-16.5
　2023/06/26 09:20,0,73,36.96,99.5,35.53,14.71,-20.82
　2023/06/26 09:30,0,73,36.96,99.5,32.96,14.44,-18.52
　2023/06/26 09:40,0,73,36.96,99.5,28.98,14.79,-14.19
　2023/06/26 09:50,0,73,36.97,99.7,26.32,14.8,-11.52
　2023/06/26 10:00,0,73,36.97,99.7,28.83,14.81,-14.02
　2023/06/26 10:10,0,73,36.97,99.7,26.1,14.78,-11.32
　2023/06/26 10:20,0,73,36.97,99.7,22.44,14.8,-7.64
　2023/06/26 10:30,0,73,36.98,99.8,24.07,14.8,-9.27
　2023/06/26 10:40,0,73,36.99,99.9,27.81,20.38,-7.43
　2023/06/26 10:50,0,73,36.99,99.9,32.9,25.71,-7.19
　2023/06/26 11:00,0,73,36.99,99.9,29.41,25.92,-3.49
　2023/06/26 11:10,0,73,36.99,99.9,31.25,25.89,-5.36
　2023/06/26 11:20,0,73,36.99,99.9,33.08,25.93,-7.15
　2023/06/26 11:30,0,73,36.99,99.9,31.45,25.97,-5.48
　2023/06/26 11:40,0,73,36.99,99.9,29.58,24.85,-4.73
　2023/06/26 11:50,0,73,36.99,99.9,25.75,25.97,0.22
　2023/06/26 12:00,0,73,36.99,99.9,25.86,25.98,0.12
　2023/06/26 12:10,0,73,36.99,99.9,25.88,25.98,0.1
　2023/06/26 12:20,0,73,36.99,99.9,25.91,25.98,0.07
　2023/06/26 12:30,0,73,36.99,99.9,25.92,25.98,0.06
　2023/06/26 12:40,0,73,37,100,27.08,25.99,-1.09
　2023/06/26 12:50,0,73,37,100,32.13,31.01,-1.12
　2023/06/26 13:00,0,0,37,100,32.96,31.02,-1.94
　2023/06/26 13:10,0,0,37,100,33.75,31.03,-2.72
　2023/06/26 13:20,0,0,37,100,34.55,36.62,2.07
　2023/06/26 13:30,0,0,37,100,36.02,36.57,0.55
　2023/06/26 13:40,1,1,36.99,99.9,31.4,36.46,5.06
　2023/06/26 13:50,1,1,36.99,99.9,27.56,36.6,9.04
　2023/06/26 14:00,1,1,36.99,99.9,28.5,36.09,7.59
　2023/06/26 14:10,1,1,36.99,99.9,29.45,36.5,7.05
　2023/06/26 14:20,1,1,36.99,99.9,30.37,36.37,6
　2023/06/26 14:30,1,1,36.99,99.9,30.63,36.62,5.99
　2023/06/26 14:40,0,1,36.99,99.9,35.85,36.38,0.53
　2023/06/26 14:50,0,1,36.98,99.8,32.96,36.59,3.63
　2023/06/26 15:00,0,1,36.98,99.8,30.38,30.98,0.6
　2023/06/26 15:10,0,1,36.98,99.8,29.5,30.72,1.22
　2023/06/26 15:20,0,1,36.98,99.8,28.6,31.01,2.41
　2023/06/26 15:30,0,1,36.98,99.8,27.69,30.83,3.14
　2023/06/26 15:40,0,1,36.98,99.8,26.71,31,4.29
　2023/06/26 15:50,0,1,36.98,99.8,29.25,31.01,1.76
　2023/06/26 16:00,0,1,36.98,99.8,30.9,31,0.1
　2023/06/26 16:10,0,1,36.98,99.8,30.88,30.99,0.11
　2023/06/26 16:20,0,1,36.97,99.7,25.09,27.98,2.89
　2023/06/26 16:30,0,1,36.97,99.7,24.59,25.89,1.3
　2023/06/26 16:40,0,1,36.97,99.7,23.8,25.98,2.18
　2023/06/26 16:50,0,1,36.97,99.7,22.99,25.98,2.99
　2023/06/26 17:00,0,1,36.97,99.7,22.15,25.98,3.83
　2023/06/26 17:10,0,1,36.97,99.7,21.31,25.98,4.67
　2023/06/26 17:20,0,1,36.97,99.7,26.29,25.97,-0.32
　2023/06/26 17:30,0,1,36.97,99.7,25.96,26,0.04
　2023/06/26 17:40,0,1,36.97,99.7,25.97,25.97,0
　2023/06/26 17:50,0,1,36.97,99.7,25.97,25.7,-0.27
　2023/06/26 18:00,0,1,36.97,99.7,25.96,25.96,0
　2023/06/26 18:10,0,1,36.97,99.7,25.94,25.82,-0.12
　2023/06/26 18:20,0,1,36.97,99.7,25.92,25.97,0.05
　2023/06/26 18:30,0,1,36.97,99.7,25.92,25.62,-0.3
　2023/06/26 18:40,0,1,36.97,99.7,25.9,25.97,0.07
　2023/06/26 18:50,0,1,36.97,99.7,25.9,25.9,0
　2023/06/26 19:00,0,1,36.97,99.7,25.91,25.97,0.06
　2023/06/26 19:10,0,1,36.97,99.7,25.92,25.97,0.05
　2023/06/26 19:20,0,1,36.97,99.7,25.94,25.82,-0.12
　2023/06/26 19:30,0,1,36.97,99.7,25.93,25.97,0.04
　2023/06/26 19:40,0,1,36.97,99.7,25.95,25.9,-0.05
　2023/06/26 19:50,0,1,36.97,99.7,25.95,25.98,0.03
　2023/06/26 20:00,0,0,36.97,99.7,25.95,25.98,0.03
　2023/06/26 20:10,0,0,36.97,99.7,25.95,25.99,0.04
　2023/06/26 20:20,0,0,36.97,99.7,25.95,25.82,-0.13
　2023/06/26 20:30,0,0,36.97,99.7,25.94,25.97,0.03
　2023/06/26 20:40,0,0,36.97,99.7,25.94,25.98,0.04
　2023/06/26 20:50,0,0,36.97,99.7,25.94,25.98,0.04
　2023/06/26 21:00,0,0,36.97,99.7,25.94,25.98,0.04
　2023/06/26 21:10,0,0,36.97,99.7,25.94,25.98,0.04
　2023/06/26 21:20,0,0,36.97,99.7,25.95,25.98,0.03
　2023/06/26 21:30,0,0,36.97,99.7,25.97,25.96,-0.01
　2023/06/26 21:40,0,0,36.97,99.7,25.97,25.98,0.01
　2023/06/26 21:50,0,0,36.97,99.7,25.96,24.94,-1.02
　2023/06/26 22:00,0,0,36.97,99.7,25.83,24.87,-0.96
　2023/06/26 22:10,0,0,36.97,99.7,25.66,24.98,-0.68
　2023/06/26 22:20,0,0,36.96,99.5,23.16,24.96,1.8
　2023/06/26 22:30,0,0,36.96,99.5,19.51,24.66,5.15
　2023/06/26 22:40,0,0,36.96,99.5,19.31,24.98,5.67
　2023/06/26 22:50,0,0,36.96,99.5,19.13,24.98,5.85
　2023/06/26 23:00,0,0,36.96,99.5,19.09,24.74,5.65
　2023/06/26 23:10,0,0,36.96,99.5,19.09,24.98,5.89
　2023/06/26 23:20,0,0,36.96,99.5,21.42,24.97,3.55
　2023/06/26 23:30,0,0,36.96,99.5,24.49,19.4,-5.09
　2023/06/26 23:40,0,0,36.96,99.5,23.59,19.4,-4.19
　2023/06/26 23:50,0,0,36.96,99.5,22.68,19.4,-3.28
　2023/06/26 24:00,0,0,36.96,99.5,21.75,19.4,-2.35
　2023/06/27 00:10,0,0,36.96,99.5,20.83,19.4,-1.43
　2023/06/27 00:20,0,0,36.96,99.5,19.91,19.4,-0.51
　2023/06/27 00:30,0,0,36.96,99.5,19.39,19.4,0.01
　2023/06/27 00:40,0,0,36.96,99.5,19.39,19.4,0.01
　2023/06/27 00:50,0,0,36.96,99.5,19.39,19.4,0.01
　2023/06/27 01:00,0,0,36.96,99.5,19.39,19.4,0.01
　2023/06/27 01:10,0,0,36.96,99.5,19.39,19.4,0.01
　2023/06/27 01:20,0,0,36.96,99.5,19.39,19.4,0.01
　2023/06/27 01:30,0,0,36.96,99.5,19.39,19.4,0.01
　2023/06/27 01:40,0,0,36.96,99.5,19.39,19.4,0.01
　2023/06/27 01:50,0,0,36.96,99.5,19.39,19.4,0.01
　2023/06/27 02:00,0,0,36.96,99.5,19.39,19.41,0.02
　2023/06/27 02:10,0,0,36.96,99.5,19.38,19.4,0.02
　2023/06/27 02:20,0,0,36.96,99.5,19.37,19.4,0.03
　2023/06/27 02:30,0,0,36.96,99.5,19.37,19.4,0.03
　2023/06/27 02:40,0,0,36.96,99.5,19.37,19.39,0.02
　2023/06/27 02:50,0,0,36.96,99.5,19.36,19.4,0.04
　2023/06/27 03:00,0,0,36.96,99.5,19.36,19.4,0.04
　2023/06/27 03:10,0,0,36.96,99.5,19.38,19.4,0.02
　2023/06/27 03:20,0,0,36.96,99.5,19.39,19.4,0.01
　2023/06/27 03:30,0,0,36.96,99.5,19.39,19.4,0.01
　2023/06/27 03:40,0,0,36.96,99.5,19.39,19.39,0
　2023/06/27 03:50,0,0,36.96,99.5,19.39,19.39,0
　2023/06/27 04:00,0,0,36.96,99.5,19.39,19.39,0
　2023/06/27 04:10,0,0,36.96,99.5,19.39,19.19,-0.2
　2023/06/27 04:20,0,0,36.96,99.5,19.38,19.39,0.01
　2023/06/27 04:30,0,0,36.95,99.4,18.8,19.39,0.59
　2023/06/27 04:40,0,0,36.95,99.4,13.56,19.38,5.82
　2023/06/27 04:50,0,0,36.95,99.4,13.55,19.38,5.83
　2023/06/27 05:00,0,0,36.95,99.4,13.55,19.38,5.83
　2023/06/27 05:10,0,0,36.95,99.4,13.55,19.11,5.56
　2023/06/27 05:20,0,0,36.95,99.4,13.54,19.25,5.71
　2023/06/27 05:30,0,0,36.95,99.4,14.11,19.39,5.28
　2023/06/27 05:40,0,0,36.95,99.4,19.35,19.39,0.04
　2023/06/27 05:50,0,0,36.95,99.4,19.36,19.39,0.03
　2023/06/27 06:00,0,0,36.95,99.4,19.35,19.35,0
　2023/06/27 06:10,0,0,36.95,99.4,19.25,13.82,-5.43
　2023/06/27 06:20,0,0,36.95,99.4,18.47,13.81,-4.66
　2023/06/27 06:30,0,0,36.95,99.4,17.55,13.7,-3.85
　2023/06/27 06:40,0,0,36.95,99.4,16.61,13.82,-2.79
　2023/06/27 06:50,0,0,36.95,99.4,15.68,12.84,-2.84
　2023/06/27 07:00,0,0,36.95,99.4,14.4,9.69,-4.71
　2023/06/27 07:10,0,0,36.95,99.4,12.87,8.11,-4.76
　2023/06/27 07:20,0,0,36.95,99.4,11.92,9.05,-2.87
　2023/06/27 07:30,0,0,36.95,99.4,11.14,8.76,-2.38
　2023/06/27 07:40,0,0,36.96,99.5,13.27,9.13,-4.14
　2023/06/27 07:50,0,0,36.96,99.5,15.41,8.21,-7.2
　2023/06/27 08:00,0,0,36.96,99.5,14.99,8.5,-6.49
　2023/06/27 08:10,0,0,36.96,99.5,14.93,9.53,-5.4
　2023/06/27 08:20,0,0,36.96,99.5,14.96,9.6,-5.36
　2023/06/27 08:30,0,0,36.96,99.5,14.99,8.99,-6
　2023/06/27 08:40,0,0,36.96,99.5,12.13,10,-2.13
　2023/06/27 08:50,0,0,36.96,99.5,9.22,9.48,0.26
　2023/06/27 09:00,0,0,36.97,99.7,14.45,9.23,-5.22
　2023/06/27 09:10,0,0,36.97,99.7,15.05,9.7,-5.35
　2023/06/27 09:20,0,0,36.97,99.7,15.11,9.75,-5.36
　2023/06/27 09:30,0,0,36.97,99.7,15.1,9.93,-5.17
　2023/06/27 09:40,0,0,36.97,99.7,15.05,9.52,-5.53
　2023/06/27 09:50,0,0,36.98,99.8,19.71,8.92,-10.79
　2023/06/27 10:00,0,0,36.98,99.8,15.99,16.82,0.83
　2023/06/27 10:10,0,0,36.98,99.8,16.57,16.81,0.24
　2023/06/27 10:20,0,0,36.98,99.8,17.78,16.81,-0.97
　2023/06/27 10:30,0,0,36.98,99.8,19,16.4,-2.6
　2023/06/27 10:40,0,0,36.98,99.8,20.25,16.57,-3.68
　2023/06/27 10:50,0,0,36.98,99.8,16.83,16.62,-0.21
　2023/06/27 11:00,0,0,36.98,99.8,16.56,16.8,0.24
　2023/06/27 11:10,0,0,36.98,99.8,16.64,16.55,-0.09
　2023/06/27 11:20,0,0,36.98,99.8,16.63,16.55,-0.08
　2023/06/27 11:30,0,0,36.98,99.8,16.63,16.66,0.03
　2023/06/27 11:40,0,0,36.98,99.8,16.62,16.7,0.08
　2023/06/27 11:50,0,0,36.98,99.8,16.62,16.58,-0.04
　2023/06/27 12:00,0,0,36.98,99.8,16.62,16.81,0.19
　2023/06/27 12:10,0,0,36.98,99.8,16.62,16.81,0.19
　2023/06/27 12:20,0,0,36.98,99.8,16.62,16.81,0.19
　2023/06/27 12:30,0,0,36.98,99.8,16.62,16.8,0.18
　2023/06/27 12:40,0,0,36.98,99.8,16.63,16.76,0.13
　2023/06/27 12:50,0,0,36.97,99.7,16.32,27.01,10.69
　2023/06/27 13:00,0,0,36.97,99.7,12.56,27.99,15.43
　2023/06/27 13:10,0,0,36.97,99.7,14.38,27.99,13.61
　2023/06/27 13:20,0,0,36.97,99.7,16.18,27.97,11.79
　2023/06/27 13:30,0,0,36.96,99.5,16.85,27.95,11.1
　2023/06/27 13:40,0,0,36.96,99.5,14.02,26.9,12.88
　2023/06/27 13:50,0,0,36.96,99.5,16.16,27.03,10.87
　2023/06/27 14:00,0,0,36.96,99.5,21.71,26.86,5.15
　2023/06/27 14:10,0,0,36.95,99.4,18.18,22.37,4.19
　2023/06/27 14:20,0,0,36.95,99.4,15.26,22.19,6.93
　2023/06/27 14:30,0,0,36.95,99.4,15.51,21.88,6.37
　2023/06/27 14:40,0,0,36.95,99.4,19.21,21.34,2.13
　2023/06/27 14:50,0,0,36.94,99.3,17.71,21.98,4.27
　2023/06/27 15:00,0,0,36.94,99.3,11.28,16.47,5.19
　2023/06/27 15:10,0,0,36.94,99.3,12.98,16.82,3.84
　2023/06/27 15:20,0,0,36.94,99.3,14.03,15.85,1.82
　2023/06/27 15:30,0,0,36.94,99.3,13.09,16.81,3.72
　2023/06/27 15:40,0,0,36.94,99.3,12.21,16.81,4.6
　2023/06/27 15:50,0,0,36.94,99.3,11.84,16.09,4.25
　2023/06/27 16:00,0,0,36.94,99.3,16.46,16.36,-0.1
　2023/06/27 16:10,0,0,36.94,99.3,16.49,16.6,0.11
　2023/06/27 16:20,0,0,36.94,99.3,16.56,16.82,0.26
　2023/06/27 16:30,0,0,36.94,99.3,16.6,16.4,-0.2
　2023/06/27 16:40,1,1,36.94,99.3,16.58,16.43,-0.15
　2023/06/27 16:50,1,1,36.94,99.3,16.6,16.36,-0.24
　2023/06/27 17:00,1,1,36.94,99.3,16.59,16.69,0.1
　2023/06/27 17:10,1,1,36.94,99.3,16.59,16.81,0.22
　2023/06/27 17:20,1,1,36.94,99.3,16.57,16.81,0.24
　2023/06/27 17:30,1,1,36.94,99.3,16.56,16.53,-0.03
　2023/06/27 17:40,0,1,36.94,99.3,16.59,16.39,-0.2
　2023/06/27 17:50,0,1,36.94,99.3,16.6,16.61,0.01
　2023/06/27 18:00,0,1,36.94,99.3,16.6,16.17,-0.43
　2023/06/27 18:10,0,1,36.94,99.3,16.57,16.79,0.22
　2023/06/27 18:20,0,1,36.94,99.3,16.57,16.24,-0.33
　2023/06/27 18:30,0,1,36.93,99.2,11.9,16.55,4.65
　2023/06/27 18:40,0,1,36.93,99.2,10.71,16.36,5.65
　2023/06/27 18:50,0,1,36.93,99.2,10.72,16.67,5.95
　2023/06/27 19:00,0,1,36.93,99.2,10.76,16.45,5.69
　2023/06/27 19:10,0,1,36.93,99.2,10.77,16.52,5.75
　2023/06/27 19:20,0,1,36.93,99.2,10.76,16.43,5.67
　2023/06/27 19:30,0,1,36.93,99.2,15.42,16.7,1.28
　2023/06/27 19:40,0,1,36.93,99.2,16.6,16.37,-0.23
　2023/06/27 19:50,0,1,36.93,99.2,16.58,16.46,-0.12
　2023/06/27 20:00,0,1,36.93,99.2,16.4,13.5,-2.9
　2023/06/27 20:10,0,1,36.93,99.2,15.92,13.38,-2.54
　2023/06/27 20:20,0,1,36.93,99.2,15.41,13.43,-1.98
　2023/06/27 20:30,0,1,36.93,99.2,14.91,13.83,-1.08
　2023/06/27 20:40,0,1,36.93,99.2,14.43,13.45,-0.98
　2023/06/27 20:50,0,1,36.93,99.2,13.95,13.84,-0.11
　2023/06/27 21:00,0,1,36.93,99.2,13.62,13.68,0.06
　2023/06/27 21:10,0,1,36.93,99.2,13.61,13.57,-0.04
　2023/06/27 21:20,0,1,36.93,99.2,13.62,13.51,-0.11
　2023/06/27 21:30,0,1,36.93,99.2,13.61,13.71,0.1
　2023/06/27 21:40,0,1,36.93,99.2,13.59,13.84,0.25
　2023/06/27 21:50,0,1,36.93,99.2,13.6,13.69,0.09
　2023/06/27 22:00,0,1,36.93,99.2,13.58,13.38,-0.2
　2023/06/27 22:10,0,1,36.93,99.2,13.57,13.55,-0.02
　2023/06/27 22:20,0,1,36.93,99.2,13.57,13.69,0.12
　2023/06/27 22:30,0,1,36.93,99.2,13.61,13.84,0.23
　2023/06/27 22:40,0,1,36.93,99.2,13.65,13.57,-0.08
　2023/06/27 22:50,0,1,36.93,99.2,13.63,13.39,-0.24
　2023/06/27 23:00,0,0,36.93,99.2,13.64,13.47,-0.17
　2023/06/27 23:10,0,0,36.93,99.2,13.66,13.64,-0.02
　2023/06/27 23:20,0,0,36.93,99.2,13.65,13.82,0.17
　2023/06/27 23:30,0,0,36.93,99.2,13.64,13.68,0.04
　2023/06/27 23:40,0,0,36.93,99.2,13.63,13.82,0.19
　2023/06/27 23:50,0,0,36.93,99.2,13.66,13.45,-0.21
　2023/06/27 24:00,0,0,36.93,99.2,13.64,13.83,0.19
　2023/06/28 00:10,0,0,36.93,99.2,13.66,13.13,-0.53
　2023/06/28 00:20,0,0,36.93,99.2,13.67,13.84,0.17
　2023/06/28 00:30,0,0,36.93,99.2,13.67,13.28,-0.39
　2023/06/28 00:40,0,0,36.93,99.2,13.66,13.42,-0.24
　2023/06/28 00:50,0,0,36.93,99.2,13.64,13.68,0.04
　2023/06/28 01:00,0,0,36.93,99.2,13.64,13.84,0.2
　2023/06/28 01:10,0,0,36.93,99.2,13.6,13.16,-0.44
　2023/06/28 01:20,0,0,36.93,99.2,13.58,13.64,0.06
　2023/06/28 01:30,0,0,36.93,99.2,13.55,13.59,0.04
　2023/06/28 01:40,0,0,36.93,99.2,13.54,13.6,0.06
　2023/06/28 01:50,0,0,36.93,99.2,13.53,13.5,-0.03
　2023/06/28 02:00,0,0,36.93,99.2,13.54,13.84,0.3
　2023/06/28 02:10,,,36.93,99.2,13.58,13.83,0.25
　2023/06/28 02:20,,,36.93,99.2,13.62,13.37,-0.25
　2023/06/28 02:30,,,36.93,99.2,13.63,13.78,0.15
　2023/06/28 02:40,,,36.93,99.2,13.65,13.84,0.19
　2023/06/28 02:50,,,36.93,99.2,13.67,13.63,-0.04
　2023/06/28 03:00,0,0,36.93,99.2,13.67,13.63,-0.04
　2023/06/28 03:10,,,36.93,99.2,13.64,13.44,-0.2
　2023/06/28 03:20,,,36.93,99.2,13.6,13.29,-0.31
　2023/06/28 03:30,,,36.93,99.2,13.58,13.32,-0.26
　2023/06/28 03:40,,,36.93,99.2,13.57,13.6,0.03
　2023/06/28 03:50,,,36.93,99.2,13.55,13.45,-0.1
　2023/06/28 04:00,0,0,36.92,99.1,10.64,13.46,2.82
　2023/06/28 04:10,,,36.92,99.1,7.72,13.56,5.84
　2023/06/28 04:20,,,36.92,99.1,7.74,13.83,6.09
　2023/06/28 04:30,,,36.92,99.1,7.78,13.56,5.78
　2023/06/28 04:40,,,36.92,99.1,7.8,13.21,5.41
　2023/06/28 04:50,,,36.92,99.1,7.78,13.84,6.06
　2023/06/28 05:00,0,0,36.92,99.1,10.63,13.37,2.74
　2023/06/28 05:10,,,36.92,99.1,13.54,13.67,0.13
　2023/06/28 05:20,,0,36.92,99.1,13.53,13.85,0.32
　2023/06/28 05:30,,0,36.92,99.1,13.49,13.82,0.33
　2023/06/28 05:40,,0,36.92,99.1,13.45,13.02,-0.43
　2023/06/28 05:50,,0,36.92,99.1,13.46,13.12,-0.34
　2023/06/28 06:00,0,0,36.92,99.1,13.46,13.84,0.38
　2023/06/28 06:10,,0,36.92,99.1,13.48,13.56,0.08
　2023/06/28 06:20,0,0,36.92,99.1,13.48,13.44,-0.04
　2023/06/28 06:30,0,0,36.92,99.1,13.48,13.54,0.06
　2023/06/28 06:40,0,0,36.92,99.1,13.51,13.49,-0.02
　2023/06/28 06:50,0,0,36.92,99.1,13.53,13.84,0.31
　2023/06/28 07:00,0,0,36.92,99.1,13.6,13.74,0.14
　2023/06/28 07:10,0,0,36.92,99.1,13.6,13.45,-0.15
　2023/06/28 07:20,0,0,36.92,99.1,13.62,13.55,-0.07
　2023/06/28 07:30,0,0,36.92,99.1,13.63,13.84,0.21
　2023/06/28 07:40,0,0,36.92,99.1,13.65,13.65,0
　2023/06/28 07:50,0,0,36.92,99.1,13.64,13.74,0.1
　2023/06/28 08:00,0,0,36.92,99.1,13.61,13.53,-0.08
　2023/06/28 08:10,0,0,36.92,99.1,13.6,13.57,-0.03
　2023/06/28 08:20,0,0,36.91,99,8.36,13.77,5.41
　2023/06/28 08:30,0,0,36.91,99,7.76,13.55,5.79
　2023/06/28 08:40,0,0,36.91,99,7.74,13.49,5.75
　2023/06/28 08:50,0,0,36.91,99,7.76,13.45,5.69
　2023/06/28 09:00,0,0,36.91,99,7.76,13.59,5.83
　2023/06/28 09:10,0,0,36.91,99,7.77,13.84,6.07
　2023/06/28 09:20,0,0,36.91,99,13.02,13.37,0.35
　2023/06/28 09:30,0,0,36.91,99,13.61,13.73,0.12
　2023/06/28 09:40,1,1,36.91,99,13.62,13.39,-0.23
　2023/06/28 09:50,2,2,36.91,99,13.63,13.76,0.13
　2023/06/28 10:00,2,2,36.91,99,13.65,13.59,-0.06
　2023/06/28 10:10,2,2,36.91,99,13.65,13.84,0.19
　2023/06/28 10:20,2,2,36.91,99,13.96,18.96,5
　2023/06/28 10:30,2,2,36.91,99,14.85,19.09,4.24
　2023/06/28 10:40,1,2,36.91,99,15.75,18.97,3.22
　2023/06/28 10:50,0,2,36.91,99,16.65,18.91,2.26
　2023/06/28 11:00,2,4,36.9,98.8,14.82,24.65,9.83
　2023/06/28 11:10,4,6,36.91,99,18.1,35.6,17.5
　2023/06/28 11:20,4,6,36.91,99,22.82,35.32,12.5
　2023/06/28 11:30,4,6,36.9,98.8,19.76,35.38,15.62
　2023/06/28 11:40,4,6,36.9,98.8,22.49,35.25,12.76
　2023/06/28 11:50,4,6,36.9,98.8,25.21,35.68,10.47
　2023/06/28 12:00,2,6,36.9,98.8,30.66,35.39,4.73
　2023/06/28 12:10,0,6,36.89,98.7,25.86,35.32,9.46
　2023/06/28 12:20,0,6,36.88,98.6,21.57,35.23,13.66
　2023/06/28 12:30,0,6,36.88,98.6,23.93,35.22,11.29
　2023/06/28 12:40,0,6,36.88,98.6,24.48,35.5,11.02
　2023/06/28 12:50,0,6,36.88,98.6,23.91,35.24,11.33
　2023/06/28 13:00,0,6,36.88,98.6,23.89,35.47,11.58
　2023/06/28 13:10,0,6,36.88,98.6,29.03,35.07,6.04
　2023/06/28 13:20,0,6,36.88,98.6,31.88,35.34,3.46
　2023/06/28 13:30,0,6,36.88,98.6,35.31,35.31,0
　2023/06/28 13:40,0,6,36.88,98.6,34.72,35.06,0.34
　2023/06/28 13:50,0,6,36.88,98.6,35.28,35.61,0.33
　2023/06/28 14:00,0,6,36.88,98.6,35.31,35.9,0.59
　2023/06/28 14:10,0,6,36.88,98.6,35.38,35.29,-0.09
　2023/06/28 14:20,0,6,36.88,98.6,35.4,35.43,0.03
　2023/06/28 14:30,0,6,36.88,98.6,35.4,35.36,-0.04
　2023/06/28 14:40,0,6,36.88,98.6,35.4,35.15,-0.25
　2023/06/28 14:50,0,6,36.88,98.6,35.42,35.48,0.06
　2023/06/28 15:00,0,6,36.88,98.6,35.39,35.38,-0.01
　2023/06/28 15:10,0,6,36.89,98.7,40.09,40.74,0.65
　2023/06/28 15:20,0,6,36.89,98.7,42.08,40.78,-1.3
　2023/06/28 15:30,0,6,36.89,98.7,42.99,41.21,-1.78
　2023/06/28 15:40,0,6,36.89,98.7,43.93,40.73,-3.2
　2023/06/28 15:50,0,6,36.89,98.7,44.84,40.76,-4.08
　2023/06/28 16:00,0,6,36.89,98.7,46.02,46.49,0.47
　2023/06/28 16:10,1,7,36.89,98.7,43.06,46.07,3.01
　2023/06/28 16:20,1,7,36.89,98.7,42.88,46.96,4.08
　2023/06/28 16:30,1,7,36.89,98.7,43.83,46.19,2.36
　2023/06/28 16:40,1,7,36.89,98.7,44.73,46.54,1.81
　2023/06/28 16:50,1,7,36.89,98.7,45.65,46.61,0.96
　2023/06/28 17:00,1,7,36.89,98.7,46.32,51.66,5.34
　2023/06/28 17:10,1,8,36.89,98.7,46.94,51.59,4.65
　2023/06/28 17:20,1,8,36.88,98.6,46.72,51.8,5.08
　2023/06/28 17:30,1,8,36.88,98.6,43.03,51.99,8.96
　2023/06/28 17:40,1,8,36.88,98.6,43.93,51.89,7.96
　2023/06/28 17:50,1,8,36.88,98.6,44.82,51.72,6.9
　2023/06/28 18:00,1,8,36.88,98.6,45.72,52.02,6.3
　2023/06/28 18:10,0,8,36.88,98.6,46.06,51.81,5.75
　2023/06/28 18:20,0,8,36.88,98.6,47.19,51.66,4.47
　2023/06/28 18:30,0,8,36.87,98.5,47.13,48.15,1.02
　2023/06/28 18:40,0,8,36.87,98.5,45.57,49.08,3.51
　2023/06/28 18:50,0,8,36.87,98.5,45.15,49.05,3.9
　2023/06/28 19:00,0,8,36.87,98.5,44.71,49.21,4.5
　2023/06/28 19:10,0,8,36.86,98.4,41.4,49.15,7.75
　2023/06/28 19:20,0,8,36.86,98.4,38.11,49.03,10.92
　2023/06/28 19:30,0,8,36.85,98.3,41.55,43.63,2.08
　2023/06/28 19:40,0,8,36.86,98.4,40.26,40.18,-0.08
　2023/06/28 19:50,0,8,36.86,98.4,40.28,40.27,-0.01
　2023/06/28 20:00,0,8,36.85,98.3,38.22,40.59,2.37
　2023/06/28 20:10,0,8,36.85,98.3,34.3,34.67,0.37
　2023/06/28 20:20,0,8,36.86,98.4,39.44,34.56,-4.88
　2023/06/28 20:30,0,8,36.86,98.4,38.97,36.4,-2.57
　2023/06/28 20:40,0,8,36.86,98.4,39.19,37.73,-1.46
　2023/06/28 20:50,0,8,36.86,98.4,37.2,37.74,0.54
　2023/06/28 21:00,0,8,36.86,98.4,37.34,37.73,0.39
　2023/06/28 21:10,0,8,36.86,98.4,42.18,37.52,-4.66
　2023/06/28 21:20,0,8,36.86,98.4,37.96,37.33,-0.63
　2023/06/28 21:30,0,8,36.86,98.4,37.24,37.45,0.21
　2023/06/28 21:40,0,8,36.86,98.4,37.47,37.69,0.22
　2023/06/28 21:50,0,8,36.86,98.4,37.51,37.36,-0.15
　2023/06/28 22:00,0,8,36.86,98.4,37.47,37.33,-0.14
　2023/06/28 22:10,0,8,36.86,98.4,37.43,37.73,0.3
　2023/06/28 22:20,0,8,36.86,98.4,37.43,37.73,0.3
　2023/06/28 22:30,0,8,36.86,98.4,37.44,37.67,0.23
　2023/06/28 22:40,0,8,36.86,98.4,37.47,37.66,0.19
　2023/06/28 22:50,0,8,36.86,98.4,37.47,37.71,0.24
　2023/06/28 23:00,0,8,36.86,98.4,37.51,37.5,-0.01
　2023/06/28 23:10,0,8,36.86,98.4,37.54,37.73,0.19
　2023/06/28 23:20,0,8,36.86,98.4,37.52,37.69,0.17
　2023/06/28 23:30,0,8,36.86,98.4,37.52,37.22,-0.3
　2023/06/28 23:40,0,8,36.86,98.4,37.5,37.72,0.22
　2023/06/28 23:50,0,8,36.86,98.4,37.51,37.71,0.2
　2023/06/28 24:00,0,0,36.86,98.4,37.52,37.73,0.21
　2023/06/29 00:10,0,0,36.86,98.4,37.54,37.33,-0.21
　2023/06/29 00:20,0,0,36.86,98.4,37.54,37.39,-0.15
　2023/06/29 00:30,0,0,36.86,98.4,37.52,37.17,-0.35
　2023/06/29 00:40,0,0,36.86,98.4,37.49,37.41,-0.08
　2023/06/29 00:50,0,0,36.85,98.3,32.84,37.01,4.17
　2023/06/29 01:00,0,0,36.85,98.3,31.64,37.3,5.66
　2023/06/29 01:10,0,0,36.85,98.3,31.61,37.41,5.8
　2023/06/29 01:20,0,0,36.85,98.3,31.64,37.69,6.05
　2023/06/29 01:30,0,0,36.85,98.3,31.69,37.34,5.65
　2023/06/29 01:40,0,0,36.85,98.3,31.75,37.64,5.89
　2023/06/29 01:50,0,0,36.85,98.3,36.38,37.58,1.2
　2023/06/29 02:00,0,0,36.85,98.3,37.54,37.21,-0.33
　2023/06/29 02:10,0,0,36.84,98.2,34.08,37.19,3.11
　2023/06/29 02:20,0,0,36.84,98.2,31.74,37.25,5.51
　2023/06/29 02:30,0,0,36.84,98.2,31.68,37.27,5.59
　2023/06/29 02:40,0,0,36.84,98.2,31.63,37.67,6.04
　2023/06/29 02:50,0,0,36.84,98.2,31.62,37.55,5.93
　2023/06/29 03:00,0,0,36.84,98.2,31.64,37.18,5.54
　2023/06/29 03:10,0,0,36.83,98,34.54,37.61,3.07
　2023/06/29 03:20,0,0,36.83,98,31.74,37.27,5.53
　2023/06/29 03:30,0,0,36.83,98,31.76,37.51,5.75
　2023/06/29 03:40,0,0,36.83,98,31.79,37.39,5.6
　2023/06/29 03:50,0,0,36.83,98,31.78,37.64,5.86
　2023/06/29 04:00,0,0,36.83,98,31.77,37.6,5.83
　2023/06/29 04:10,0,0,36.83,98,32.36,37.5,5.14
　2023/06/29 04:20,0,0,36.82,97.9,32.36,37.44,5.08
　2023/06/29 04:30,0,0,36.82,97.9,31.8,37.62,5.82
　2023/06/29 04:40,0,0,36.82,97.9,31.79,37.56,5.77
　2023/06/29 04:50,0,0,36.82,97.9,31.78,36.99,5.21
　2023/06/29 05:00,0,0,36.82,97.9,31.73,37.62,5.89
　2023/06/29 05:10,0,0,36.81,97.8,28.83,37.29,8.46
　2023/06/29 05:20,0,0,36.81,97.8,31.07,37.25,6.18
　2023/06/29 05:30,0,0,36.81,97.8,31.59,37.17,5.58
　2023/06/29 05:40,0,0,36.81,97.8,31.57,37.59,6.02
　2023/06/29 05:50,0,0,36.81,97.8,31.58,37.45,5.87
　2023/06/29 06:00,0,0,36.81,97.8,31.61,37.15,5.54
　2023/06/29 06:10,0,0,36.8,97.7,28.74,37.56,8.82
　2023/06/29 06:20,0,0,36.8,97.7,31.63,37.56,5.93
　2023/06/29 06:30,0,0,36.8,97.7,31.67,36.95,5.28
　2023/06/29 06:40,0,0,36.8,97.7,31.65,37.56,5.91
　2023/06/29 06:50,0,0,36.8,97.7,31.65,37.47,5.82
　2023/06/29 07:00,0,0,36.79,97.6,27.65,36.92,9.27
　2023/06/29 07:10,0,0,36.79,97.6,31.64,37.54,5.9
　2023/06/29 07:20,0,0,36.79,97.6,31.6,37.09,5.49
　2023/06/29 07:30,0,0,36.79,97.6,31.57,37.34,5.77
　2023/06/29 07:40,0,0,36.78,97.5,31,37.5,6.5
　2023/06/29 07:50,0,0,36.78,97.5,25.83,37.41,11.58
　2023/06/29 08:00,0,0,36.78,97.5,29.8,37,7.2
　2023/06/29 08:10,0,0,36.78,97.5,31.49,37.49,6
　2023/06/29 08:20,0,0,36.78,97.5,31.51,37.5,5.99
　2023/06/29 08:30,0,0,36.77,97.4,25.81,37.48,11.67
　2023/06/29 08:40,1,1,36.77,97.4,26.38,37.48,11.1
　2023/06/29 08:50,2,2,36.77,97.4,31.52,36.46,4.94
　2023/06/29 09:00,2,2,36.77,97.4,31.51,37.48,5.97
　2023/06/29 09:10,2,2,36.77,97.4,31.54,37.48,5.94
　2023/06/29 09:20,3,3,36.77,97.4,31.53,37.47,5.94
　2023/06/29 09:30,3,3,36.77,97.4,37.21,37.26,0.05
　2023/06/29 09:40,2,3,36.76,97.2,32.11,36.73,4.62
　2023/06/29 09:50,1,3,36.76,97.2,31.3,35.01,3.71
　2023/06/29 10:00,1,3,36.76,97.2,30.92,35,4.08
　2023/06/29 10:10,1,3,36.76,97.2,30.52,35.02,4.5
　2023/06/29 10:20,0,3,36.76,97.2,30.07,35.02,4.95
　2023/06/29 10:30,0,3,36.76,97.2,29.65,35.02,5.37
　2023/06/29 10:40,0,3,36.76,97.2,34.33,35.02,0.69
　2023/06/29 10:50,0,3,36.76,97.2,34.71,33.85,-0.86
　2023/06/29 11:00,0,3,36.76,97.2,34.66,34.77,0.11
　2023/06/29 11:10,0,3,36.76,97.2,34.63,33.9,-0.73
　2023/06/29 11:20,0,3,36.76,97.2,34.65,34.16,-0.49
　2023/06/29 11:30,0,3,36.76,97.2,34.65,34.36,-0.29
　2023/06/29 11:40,0,3,36.76,97.2,34.66,35.02,0.36
　2023/06/29 11:50,0,3,36.76,97.2,34.69,34.84,0.15
　2023/06/29 12:00,0,3,36.76,97.2,34.73,34.99,0.26
　2023/06/29 12:10,0,3,36.75,97.1,34.17,34.76,0.59
　2023/06/29 12:20,1,4,36.75,97.1,29.03,34.83,5.8
　2023/06/29 12:30,11,14,36.75,97.1,29.06,35,5.94
　2023/06/29 12:40,18,21,36.76,97.2,31.95,34.93,2.98
　2023/06/29 12:50,30,33,36.78,97.5,38.83,55.09,16.26
　2023/06/29 13:00,34,37,36.78,97.5,47.26,55.71,8.45
　2023/06/29 13:10,35,38,36.79,97.6,53.8,76.26,22.46
　2023/06/29 13:20,35,39,36.8,97.7,71.26,76.01,4.75
　2023/06/29 13:30,25,39,36.8,97.7,80.78,86.12,5.34
　2023/06/29 13:40,18,39,36.79,97.6,82.94,86.14,3.2
　2023/06/29 13:50,6,39,36.79,97.6,84,85.96,1.96
　2023/06/29 14:00,2,39,36.79,97.6,85.16,85.81,0.65
　2023/06/29 14:10,1,39,36.79,97.6,87.13,86.49,-0.64
　2023/06/29 14:20,0,39,36.79,97.6,83.4,86.29,2.89
　2023/06/29 14:30,0,39,36.79,97.6,81.93,86.95,5.02
　2023/06/29 14:40,0,39,36.79,97.6,85.5,86.27,0.77
　2023/06/29 14:50,0,39,36.79,97.6,87.02,98.07,11.05
　2023/06/29 15:00,0,39,36.78,97.5,82.23,97.46,15.23
　2023/06/29 15:10,0,39,36.78,97.5,84.76,97.54,12.78
　2023/06/29 15:20,0,39,36.78,97.5,86.67,97.73,11.06
　2023/06/29 15:30,1,40,36.77,97.4,89.76,97.44,7.68
　2023/06/29 15:40,7,46,36.77,97.4,86.38,97.69,11.31
　2023/06/29 15:50,10,49,36.77,97.4,86.4,97.47,11.07
　2023/06/29 16:00,11,50,36.78,97.5,104.58,97.62,-6.96
　2023/06/29 16:10,11,50,36.78,97.5,109.19,98.17,-11.02
　2023/06/29 16:20,11,50,36.78,97.5,109.23,97.7,-11.53
　2023/06/29 16:30,10,50,36.78,97.5,98.95,97.71,-1.24
　2023/06/29 16:40,4,50,36.79,97.6,100.03,97.65,-2.38
　2023/06/29 16:50,1,50,36.79,97.6,109.11,97.65,-11.46
　2023/06/29 17:00,0,50,36.79,97.6,109.14,97.81,-11.33
　2023/06/29 17:10,0,50,36.8,97.7,108.44,102.52,-5.92
　2023/06/29 17:20,0,50,36.8,97.7,111.77,107.31,-4.46
　2023/06/29 17:30,0,50,36.8,97.7,114.91,107.12,-7.79
　2023/06/29 17:40,0,50,36.81,97.8,121.19,118.97,-2.22
　2023/06/29 17:50,0,50,36.84,98.2,134.91,133.31,-1.6
　2023/06/29 18:00,0,50,36.83,98,161.23,160.62,-0.61
　2023/06/29 18:10,0,50,36.83,98,173.68,175.34,1.66
　2023/06/29 18:20,0,50,36.83,98,166.38,189.33,22.95
　2023/06/29 18:30,0,50,36.81,97.8,161.22,212.53,51.31
　2023/06/29 18:40,0,50,36.81,97.8,170.06,221.56,51.5
　2023/06/29 18:50,0,50,36.8,97.7,176.69,220.74,44.05
　2023/06/29 19:00,0,50,36.79,97.6,182,220.73,38.73
　2023/06/29 19:10,0,50,36.79,97.6,192.71,220.57,27.86
　2023/06/29 19:20,0,50,36.79,97.6,208.15,220.64,12.49
　2023/06/29 19:30,0,50,36.78,97.5,208.05,220.84,12.79
　2023/06/29 19:40,0,50,36.78,97.5,209.12,220.4,11.28
　2023/06/29 19:50,0,50,36.78,97.5,209.04,220.41,11.37
　2023/06/29 20:00,0,50,36.78,97.5,220.4,220.42,0.02
　2023/06/29 20:10,0,50,36.78,97.5,220.37,220.33,-0.04
　2023/06/29 20:20,0,50,36.78,97.5,220.36,220.4,0.04
　2023/06/29 20:30,0,50,36.78,97.5,220.37,220.31,-0.06
　2023/06/29 20:40,0,50,36.78,97.5,220.36,220.29,-0.07
　2023/06/29 20:50,0,50,36.78,97.5,220.36,220.41,0.05
　2023/06/29 21:00,0,50,36.78,97.5,220.36,220.41,0.05
　2023/06/29 21:10,0,50,36.78,97.5,220.38,220.48,0.1
　2023/06/29 21:20,0,50,36.77,97.4,208.99,220.15,11.16
　2023/06/29 21:30,0,50,36.76,97.2,206.61,219.8,13.19
　2023/06/29 21:40,0,50,36.76,97.2,197.32,219.66,22.34
　2023/06/29 21:50,0,50,36.76,97.2,206.53,206.52,-0.01
　2023/06/29 22:00,0,0,36.76,97.2,199.14,194.41,-4.73
　2023/06/29 22:10,0,0,36.75,97.1,196.49,185.11,-11.38
　2023/06/29 22:20,0,0,36.75,97.1,182.43,184.93,2.5
　2023/06/29 22:30,0,0,36.75,97.1,180.47,185.18,4.71
　2023/06/29 22:40,0,0,36.76,97.2,185.76,176.92,-8.84
　2023/06/29 22:50,0,0,36.76,97.2,193.26,176.76,-16.5
　2023/06/29 23:00,0,0,36.76,97.2,190.39,176.6,-13.79
　2023/06/29 23:10,0,0,36.76,97.2,182.44,176.43,-6.01
　2023/06/29 23:20,0,0,36.76,97.2,174.51,162.63,-11.88
　2023/06/29 23:30,0,0,36.76,97.2,169.89,153.7,-16.19
　2023/06/29 23:40,0,0,36.76,97.2,163.41,154.06,-9.35
　2023/06/29 23:50,0,0,36.77,97.4,163.81,135.92,-27.89
　2023/06/29 24:00,0,0,36.77,97.4,158.4,136.09,-22.31
　2023/06/30 00:10,1,1,36.78,97.5,161.54,132.26,-29.28
　2023/06/30 00:20,1,1,36.78,97.5,149.72,131.72,-18
　2023/06/30 00:30,1,1,36.79,97.6,150.61,132.37,-18.24
　2023/06/30 00:40,2,2,36.79,97.6,144.88,132.04,-12.84
　2023/06/30 00:50,2,2,36.8,97.7,151.54,132.1,-19.44
　2023/06/30 01:00,2,2,36.8,97.7,149.25,132.2,-17.05
　2023/06/30 01:10,1,2,36.8,97.7,143.49,132.02,-11.47
　2023/06/30 01:20,1,2,36.8,97.7,135.51,132.33,-3.18
　2023/06/30 01:30,1,2,36.81,97.8,138.98,132.19,-6.79
　2023/06/30 01:40,0,2,36.81,97.8,143.6,132.38,-11.22
　2023/06/30 01:50,0,2,36.81,97.8,143.66,132.49,-11.17
　2023/06/30 02:00,0,2,36.81,97.8,136.84,132.3,-4.54
　2023/06/30 02:10,0,2,36.81,97.8,132.3,132.16,-0.14
　2023/06/30 02:20,0,2,36.81,97.8,132.29,132.32,0.03
　2023/06/30 02:30,5,7,36.81,97.8,132.27,132.38,0.11
　2023/06/30 02:40,5,7,36.81,97.8,132.29,132.58,0.29
　2023/06/30 02:50,5,7,36.81,97.8,132.39,131.94,-0.45
　2023/06/30 03:00,5,7,36.81,97.8,132.42,132.44,0.02
　2023/06/30 03:10,6,8,36.8,97.7,123.2,131.84,8.64
　2023/06/30 03:20,6,8,36.8,97.7,120.74,132.03,11.29
　2023/06/30 03:30,1,8,36.79,97.6,113.87,132.28,18.41
　2023/06/30 03:40,1,8,36.79,97.6,118.49,131.76,13.27
　2023/06/30 03:50,1,8,36.79,97.6,120.83,132.39,11.56
　2023/06/30 04:00,1,8,36.78,97.5,116.3,131.99,15.69
　2023/06/30 04:10,0,8,36.77,97.4,115.06,131.7,16.64
　2023/06/30 04:20,0,8,36.77,97.4,109.19,131.48,22.29
　2023/06/30 04:30,0,8,36.77,97.4,115.41,112.25,-3.16
　2023/06/30 04:40,0,8,36.76,97.2,115.06,105.06,-10
　2023/06/30 04:50,0,8,36.76,97.2,105.04,104.96,-0.08
　2023/06/30 05:00,0,8,36.76,97.2,101.13,105.08,3.95
　2023/06/30 05:10,0,8,36.76,97.2,98.29,105.23,6.94
　2023/06/30 05:20,0,8,36.76,97.2,105.16,104.71,-0.45
　2023/06/30 05:30,0,8,36.76,97.2,105.12,104.75,-0.37
　2023/06/30 05:40,0,8,36.76,97.2,104.99,105.23,0.24
　2023/06/30 05:50,0,8,36.76,97.2,104.94,104.48,-0.46
　2023/06/30 06:00,0,8,36.76,97.2,104.9,104.8,-0.1
　2023/06/30 06:10,0,8,36.76,97.2,104.9,104.79,-0.11
　2023/06/30 06:20,0,8,36.75,97.1,94.66,105.16,10.5
　2023/06/30 06:30,0,8,36.75,97.1,93.63,104.86,11.23
　2023/06/30 06:40,1,9,36.75,97.1,93.64,104.87,11.23
　2023/06/30 06:50,1,9,36.75,97.1,103.83,104.65,0.82
　2023/06/30 07:00,1,9,36.74,97,96.83,104.52,7.69
　2023/06/30 07:10,1,9,36.74,97,93.31,104.6,11.29
　2023/06/30 07:20,1,9,36.74,97,93.25,104.44,11.19
　2023/06/30 07:30,1,9,36.73,96.9,96.65,104.36,7.71
　2023/06/30 07:40,0,9,36.73,96.9,93.22,104.84,11.62
　2023/06/30 07:50,0,9,36.72,96.8,89.86,104.67,14.81
　2023/06/30 08:00,0,9,36.72,96.8,86.46,104.36,17.9
　2023/06/30 08:10,0,9,36.72,96.8,93.36,104.7,11.34
　2023/06/30 08:20,0,9,36.71,96.7,87.63,104.29,16.66
　2023/06/30 08:30,0,9,36.7,96.6,90.9,104.09,13.19
　2023/06/30 08:40,0,9,36.7,96.6,81.61,104.21,22.6
　2023/06/30 08:50,0,9,36.7,96.6,90.52,104.19,13.67
　2023/06/30 09:00,0,9,36.69,96.4,89.39,103.95,14.56
　2023/06/30 09:10,0,9,36.68,96.3,91.66,103.91,12.25
　2023/06/30 09:20,0,9,36.68,96.3,81.45,104.04,22.59
　2023/06/30 09:30,0,9,36.68,96.3,87.08,103.68,16.6
　2023/06/30 09:40,0,9,36.67,96.2,83.66,103.82,20.16
　2023/06/30 09:50,0,9,36.66,96.1,89.27,103.69,14.42
　2023/06/30 10:00,0,9,36.66,96.1,81.26,103.65,22.39
　2023/06/30 10:10,1,10,36.65,96,86.85,103.67,16.82
　2023/06/30 10:20,1,10,36.65,96,84.59,104.11,19.52
　2023/06/30 10:30,2,11,36.64,95.9,85.81,103.65,17.84
　2023/06/30 10:40,2,11,36.63,95.8,84.82,103.47,18.65
　2023/06/30 10:50,3,12,36.63,95.8,81.55,103.34,21.79
　2023/06/30 11:00,3,12,36.63,95.8,88.38,105.85,17.47
　2023/06/30 11:10,2,12,36.62,95.7,86.43,104.08,17.65
　2023/06/30 11:20,2,12,36.61,95.5,87.84,105.13,17.29
　2023/06/30 11:30,1,12,36.6,95.4,80.27,104.04,23.77
　2023/06/30 11:40,2,13,36.6,95.4,79.1,104.78,25.68
　2023/06/30 11:50,1,13,36.59,95.3,83.61,105.27,21.66
　2023/06/30 12:00,1,13,36.58,95.2,81.28,94.75,13.47
　2023/06/30 12:10,1,13,36.57,95.1,76.4,103.85,27.45
　2023/06/30 12:20,1,13,36.57,95.1,75.12,104.97,29.85
　2023/06/30 12:30,1,13,36.56,95,80.77,104.93,24.16
　2023/06/30 12:40,0,13,36.55,94.9,82.3,104.51,22.21
　2023/06/30 12:50,1,14,36.54,94.8,77.85,103.3,25.45
　2023/06/30 13:00,4,17,36.54,94.8,75.27,103.51,28.24
　2023/06/30 13:10,12,25,36.54,94.8,87.37,105,17.63
　2023/06/30 13:20,19,32,36.54,94.8,97.38,104.9,7.52
　2023/06/30 13:30,33,46,36.54,94.8,103.16,148.95,45.79
　2023/06/30 13:40,34,47,36.54,94.8,126.4,147.92,21.52
　2023/06/30 13:50,33,47,36.54,94.8,148.15,192.18,44.03
　2023/06/30 14:00,30,47,36.54,94.8,170.93,193.27,22.34
　2023/06/30 14:10,22,47,36.53,94.6,161.67,191.83,30.16
　2023/06/30 14:20,15,47,36.53,94.6,159.12,171.22,12.1
　2023/06/30 14:30,1,47,36.52,94.5,158.12,171.73,13.61
　2023/06/30 14:40,0,47,36.51,94.4,160.95,170.45,9.5
　2023/06/30 14:50,0,47,36.5,94.3,149.56,179.77,30.21
　2023/06/30 15:00,1,48,36.51,94.4,154.28,178.81,24.53
　2023/06/30 15:10,1,48,36.5,94.3,157.65,199.03,41.38
　2023/06/30 15:20,1,48,36.49,94.2,167.93,199.86,31.93
　2023/06/30 15:30,1,48,36.47,94,158.5,198.79,40.29
　2023/06/30 15:40,1,48,36.47,94,163.24,198.94,35.7
　2023/06/30 15:50,1,48,36.45,93.7,162.08,197.97,35.89
　2023/06/30 16:00,0,48,36.44,93.6,163.94,197.6,33.66
　2023/06/30 16:10,0,48,36.42,93.4,153.45,197.13,43.68
　2023/06/30 16:20,1,49,36.4,93.2,143.17,243.45,100.28
　2023/06/30 16:30,5,53,36.37,92.9,147.28,242.74,95.46
　2023/06/30 16:40,16,64,36.37,92.9,166.07,242.73,76.66
　2023/06/30 16:50,23,71,36.35,92.6,197.96,242.39,44.43
　2023/06/30 17:00,28,76,36.32,92.3,191.34,241.52,50.18
　2023/06/30 17:10,30,78,36.29,92,171.68,277.54,105.86
　2023/06/30 17:20,30,79,36.27,91.8,168.19,276.16,107.97
　2023/06/30 17:30,29,82,36.27,91.8,199.45,276.38,76.93
　2023/06/30 17:40,25,89,36.26,91.7,235.67,276.08,40.41
　2023/06/30 17:50,23,94,36.24,91.4,241.9,294.91,53.01
　2023/06/30 18:00,19,95,36.26,91.7,260.83,295.89,35.06
　2023/06/30 18:10,18,96,36.28,91.9,292.25,296.76,4.51
　2023/06/30 18:20,18,97,36.29,92,336.38,325.79,-10.59
　2023/06/30 18:30,16,98,36.3,92.1,351.15,343.14,-8.01
　2023/06/30 18:40,10,99,36.32,92.3,366.39,351.79,-14.6
　2023/06/30 18:50,8,102,36.35,92.6,398.52,377.09,-21.43
　2023/06/30 19:00,12,107,36.36,92.8,423.97,401.76,-22.21
　2023/06/30 19:10,11,107,36.38,93,439.62,411.88,-27.74
　2023/06/30 19:20,11,108,36.39,93.1,447.5,420.55,-26.95
　2023/06/30 19:30,10,108,36.41,93.3,471.26,436.62,-34.64
　2023/06/30 19:40,9,108,36.42,93.4,480.96,453.44,-27.52
　2023/06/30 19:50,6,108,36.42,93.4,475.17,461.47,-13.7
　2023/06/30 20:00,1,108,36.44,93.6,472.08,445.33,-26.75
　2023/06/30 20:10,1,108,36.43,93.5,479.75,452.41,-27.34
　2023/06/30 20:20,1,109,36.44,93.6,478.09,453.26,-24.83
　2023/06/30 20:30,3,111,36.44,93.6,467.94,446.56,-21.38
　2023/06/30 20:40,5,113,36.45,93.7,458.95,426.75,-32.2
　2023/06/30 20:50,7,115,36.46,93.9,461.01,427.69,-33.32
　2023/06/30 21:00,9,117,36.45,93.7,454.98,435.15,-19.83
　2023/06/30 21:10,10,118,36.46,93.9,437.73,436.13,-1.6
　2023/06/30 21:20,9,118,36.46,93.9,434.84,432.14,-2.7
　2023/06/30 21:30,7,118,36.47,94,445.44,432.21,-13.23
　2023/06/30 21:40,5,118,36.47,94,451.52,432.03,-19.49
　2023/06/30 21:50,4,119,36.46,93.9,432.37,431.33,-1.04
　2023/06/30 22:00,2,119,36.46,93.9,420.25,424.77,4.52
　2023/06/30 22:10,1,119,36.46,93.9,416.95,415.02,-1.93
　2023/06/30 22:20,1,119,36.45,93.7,412.41,408.71,-3.7
　2023/06/30 22:30,2,120,36.44,93.6,402.01,399.96,-2.05
　2023/06/30 22:40,2,120,36.45,93.7,388.67,385.23,-3.44
　2023/06/30 22:50,1,120,36.45,93.7,397.02,385.17,-11.85
　2023/06/30 23:00,1,120,36.44,93.6,390.14,384.59,-5.55
　2023/06/30 23:10,1,120,36.44,93.6,382.11,379.08,-3.03
　2023/06/30 23:20,1,120,36.45,93.7,377.5,369.65,-7.85
　2023/06/30 23:30,1,121,36.44,93.6,374.9,369.26,-5.64
　2023/06/30 23:40,11,131,36.46,93.9,385.39,370.15,-15.24
　2023/06/30 23:50,21,141,36.47,94,393.94,377.22,-16.72
　2023/06/30 24:00,29,149,36.51,94.4,429.25,398.62,-30.63
　2023/07/01 00:10,46,166,36.56,95,478.22,444.73,-33.49
　2023/07/01 00:20,52,172,36.62,95.7,552.45,505.19,-47.26
　2023/07/01 00:30,60,181,36.69,96.4,632.67,573.64,-59.03
　2023/07/01 00:40,60,191,36.77,97.4,741.22,667.58,-73.64
　2023/07/01 00:50,57,198,36.86,98.4,843.13,744.49,-98.64
　2023/07/01 01:00,54,203,36.93,99.2,943.48,838.59,-104.89
　2023/07/01 01:10,47,213,37.01,100,1029.99,914.42,-115.57
　2023/07/01 01:20,44,216,37.07,100,1106.73,981.38,-125.35
　2023/07/01 01:30,37,218,37.1,100,1144.03,1006.89,-137.14
　2023/07/01 01:40,28,219,37.18,100,1176.61,1040.28,-136.33
　2023/07/01 01:50,23,221,37.24,100,1205.94,1066.71,-139.23
　2023/07/01 02:00,20,223,37.28,100,1245.41,1078.5,-166.91
　2023/07/01 02:10,11,224,37.34,100,1266.09,1108.82,-157.27
　2023/07/01 02:20,10,226,37.39,100,1273.21,1128.72,-144.49
　2023/07/01 02:30,10,228,37.44,100,1291.66,1148.55,-143.11
　2023/07/01 02:40,12,231,37.49,100,1305.64,1168.17,-137.47
　2023/07/01 02:50,12,233,37.51,100,1308.43,1174.94,-133.49
　2023/07/01 03:00,11,234,37.55,100,1302.64,1188.17,-114.47
　2023/07/01 03:10,14,238,37.57,100,1295.29,1195.09,-100.2
　2023/07/01 03:20,14,240,37.62,100,1300.24,1182.57,-117.67
　2023/07/01 03:30,13,241,37.64,100,1298.21,1173.69,-124.52
　2023/07/01 03:40,10,241,37.66,100,1296.9,1164.33,-132.57
　2023/07/01 03:50,9,242,37.69,100,1270.48,1162.71,-107.77
　2023/07/01 04:00,8,242,37.71,100,1262.45,1166.65,-95.8
　2023/07/01 04:10,4,242,37.72,100,1232.79,1160.16,-72.63
　2023/07/01 04:20,3,243,37.73,100,1219.5,1161.88,-57.62
　2023/07/01 04:30,2,243,37.71,100,1189.77,1152.65,-37.12
　2023/07/01 04:40,2,243,37.73,100,1164.19,1091.21,-72.98
　2023/07/01 04:50,1,243,37.72,100,1140.27,1089.74,-50.53
　2023/07/01 05:00,1,243,37.73,100,1117.68,1039.75,-77.93
　2023/07/01 05:10,1,243,37.74,100,1095.33,1000.36,-94.97
　2023/07/01 05:20,0,243,37.74,100,1065.8,1000.47,-65.33
　2023/07/01 05:30,0,243,37.77,100,1041.88,953.12,-88.76
　2023/07/01 05:40,0,243,37.78,100,1018.43,900.46,-117.97
　2023/07/01 05:50,0,243,37.79,100,995.51,901.88,-93.63
　2023/07/01 06:00,0,243,37.79,100,967.41,901.73,-65.68
　2023/07/01 06:10,0,243,37.82,100,952.17,851.14,-101.03
　2023/07/01 06:20,0,243,37.86,100,950.47,855.85,-94.62
　2023/07/01 06:30,0,243,37.84,100,924.49,853.58,-70.91
　2023/07/01 06:40,0,243,37.88,100,897.43,802.74,-94.69
　2023/07/01 06:50,0,243,37.87,100,886.11,801.71,-84.4
　2023/07/01 07:00,0,243,37.9,100,875.34,805.01,-70.33
　2023/07/01 07:10,1,244,37.89,100,861.69,804.33,-57.36
　2023/07/01 07:20,1,244,37.93,100,838.97,752.92,-86.05
　2023/07/01 07:30,2,245,37.94,100,841.68,753.91,-87.77
　2023/07/01 07:40,2,245,37.92,100,821.13,752.03,-69.1
　2023/07/01 07:50,3,246,37.95,100,787.71,754.68,-33.03
　2023/07/01 08:00,3,246,37.97,100,785.2,700.38,-84.82
　2023/07/01 08:10,2,246,37.98,100,773.92,701.52,-72.4
　2023/07/01 08:20,2,246,37.96,100,755.2,699.75,-55.45
　2023/07/01 08:30,2,247,37.99,100,715.5,681.02,-34.48
　2023/07/01 08:40,2,247,37.99,100,717.88,680.86,-37.02
　2023/07/01 08:50,1,247,37.98,100,704.77,679.77,-25
　2023/07/01 09:00,1,247,37.98,100,683.02,659.61,-23.41
　2023/07/01 09:10,1,247,37.98,100,654.38,639.31,-15.07
　2023/07/01 09:20,2,248,37.98,100,650.11,618.32,-31.79
　2023/07/01 09:30,1,248,37.96,100,629.37,616.99,-12.38
　2023/07/01 09:40,1,248,37.99,100,615.34,579.64,-35.7
　2023/07/01 09:50,1,248,37.96,100,587.04,577.64,-9.4
　2023/07/01 10:00,1,248,37.97,100,583.34,559.68,-23.66
　2023/07/01 10:10,2,249,37.96,100,557.97,539.74,-18.23
　2023/07/01 10:20,1,249,37.97,100,552.7,520,-32.7
　2023/07/01 10:30,1,249,37.98,100,535.89,500.81,-35.08
　2023/07/01 10:40,1,249,37.95,100,516.77,499.04,-17.73
　2023/07/01 10:50,1,249,37.97,100,506.43,480.53,-25.9
　2023/07/01 11:00,2,250,37.96,100,483.14,472.99,-10.15
　2023/07/01 11:10,1,250,37.98,100,487.48,440.44,-47.04
　2023/07/01 11:20,1,250,37.97,100,469.74,446.91,-22.83
　2023/07/01 11:30,1,250,37.97,100,463.94,430.2,-33.74
　2023/07/01 11:40,1,250,37.98,100,445.58,430.61,-14.97
　2023/07/01 11:50,1,250,37.98,100,438.33,410.11,-28.22
　2023/07/01 12:00,0,250,37.98,100,430.26,410.11,-20.15
　2023/07/01 12:10,0,250,37.97,100,417.02,409.94,-7.08
　2023/07/01 12:20,0,250,37.98,100,406.86,389.55,-17.31
　2023/07/01 12:30,0,250,37.98,100,402.1,389.44,-12.66
　2023/07/01 12:40,0,250,37.97,100,391.9,377.05,-14.85
　2023/07/01 12:50,0,250,37.97,100,380.6,367.04,-13.56
　2023/07/01 13:00,0,250,37.98,100,370.61,352.3,-18.31
　2023/07/01 13:10,0,250,37.98,100,365.71,339.49,-26.22
　2023/07/01 13:20,0,250,37.97,100,354.84,338.99,-15.85
　2023/07/01 13:30,0,250,37.98,100,346.26,327.06,-19.2
　2023/07/01 13:40,0,250,37.98,100,341.62,321.7,-19.92
　2023/07/01 13:50,0,250,37.98,100,333.93,316.62,-17.31
　2023/07/01 14:00,0,250,37.98,100,324.76,311.27,-13.49
　2023/07/01 14:10,0,250,37.98,100,315.69,299.02,-16.67
　2023/07/01 14:20,0,250,37.98,100,308.4,299.21,-9.19
　2023/07/01 14:30,0,250,37.98,100,301.05,290.89,-10.16
　2023/07/01 14:40,0,250,37.98,100,295.2,290.93,-4.27
　2023/07/01 14:50,0,250,37.98,100,292.48,298.87,6.39
　2023/07/01 15:00,1,251,37.98,100,292.74,293.07,0.33
　2023/07/01 15:10,1,251,37.98,100,293.48,293.06,-0.42
　2023/07/01 15:20,2,252,37.98,100,293.84,293.1,-0.74
　2023/07/01 15:30,4,254,37.97,100,280.73,296.74,16.01
　2023/07/01 15:40,7,257,37.97,100,281.89,296.63,14.74
　2023/07/01 15:50,11,261,37.96,100,272.91,296.31,23.4
　2023/07/01 16:00,16,267,37.95,100,276.19,295.94,19.75
　2023/07/01 16:10,18,269,37.94,100,265.89,295.77,29.88
　2023/07/01 16:20,18,270,37.93,100,264.52,296.71,32.19
　2023/07/01 16:30,16,270,37.93,100,265.89,296.39,30.5
　2023/07/01 16:40,13,270,37.92,100,268.55,296.2,27.65
　2023/07/01 16:50,9,270,37.9,100,254.59,296.93,42.34
　2023/07/01 17:00,3,270,37.89,100,245.88,296.47,50.59
　2023/07/01 17:10,1,270,37.87,100,243.48,296.17,52.69
　2023/07/01 17:20,0,270,37.85,100,242.68,297.75,55.07
　2023/07/01 17:30,0,270,37.84,100,236.86,297.45,60.59
　2023/07/01 17:40,0,270,37.82,100,228.4,296.87,68.47
　2023/07/01 17:50,0,270,37.8,100,237.27,296.11,58.84
　2023/07/01 18:00,0,270,37.78,100,231.86,295.55,63.69
　2023/07/01 18:10,0,270,37.76,100,218.93,298.62,79.69
　2023/07/01 18:20,0,270,37.74,100,213.04,297.77,84.73
　2023/07/01 18:30,0,270,37.72,100,216.11,297.18,81.07
　2023/07/01 18:40,0,270,37.69,100,216.61,296.32,79.71
　2023/07/01 18:50,0,270,37.66,100,204.07,295.41,91.34
　2023/07/01 19:00,0,270,37.64,100,199.89,294.67,94.78
　2023/07/01 19:10,0,270,37.61,100,196.92,293.84,96.92
　2023/07/01 19:20,0,270,37.58,100,194.92,292.61,97.69
　2023/07/01 19:30,0,270,37.55,100,188.04,291.75,103.71
　2023/07/01 19:40,0,270,37.52,100,188.49,290.67,102.18
　2023/07/01 19:50,0,270,37.49,100,189.11,295.44,106.33
　2023/07/01 20:00,0,270,37.46,100,190.08,297.97,107.89
　2023/07/01 20:10,0,270,37.43,100,186.06,296.76,110.7
　2023/07/01 20:20,0,270,37.41,100,190.66,296.08,105.42
　2023/07/01 20:30,0,270,37.37,100,186.39,294.69,108.3
　2023/07/01 20:40,0,270,37.34,100,186,293.7,107.7
　2023/07/01 20:50,0,270,37.31,100,180.4,292.56,112.16
　2023/07/01 21:00,0,270,37.28,100,180.8,291.45,110.65
　2023/07/01 21:10,0,270,37.24,100,178.84,289.98,111.14
　2023/07/01 21:20,0,270,37.21,100,176.85,288.82,111.97
　2023/07/01 21:30,0,270,37.18,100,174.82,288.08,113.26
　2023/07/01 21:40,0,270,37.15,100,175.03,286.82,111.79
　2023/07/01 21:50,0,270,37.12,100,174.87,269.44,94.57
　2023/07/01 22:00,0,270,37.1,100,177.49,257.03,79.54
　2023/07/01 22:10,0,270,37.08,100,175.68,231.69,56.01
　2023/07/01 22:20,0,270,37.06,100,172.96,214.33,41.37
　2023/07/01 22:30,0,270,37.05,100,166.79,200.48,33.69
　2023/07/01 22:40,0,270,37.05,100,168.74,187.22,18.48
　2023/07/01 22:50,0,270,37.04,100,166.14,186.79,20.65
　2023/07/01 23:00,0,0,37.03,100,169.02,186.77,17.75
　2023/07/01 23:10,0,0,37.03,100,164.76,182.3,17.54
　2023/07/01 23:20,0,0,37.03,100,172.6,182.5,9.9
　2023/07/01 23:30,0,0,37.02,100,167.55,182.17,14.62
　2023/07/01 23:40,0,0,37.01,100,164.4,177.23,12.83
　2023/07/01 23:50,0,0,37.01,100,155.3,168.3,13
　2023/07/01 24:00,0,0,37.01,100,159.95,168.29,8.34
