取出情報,水位,,
観測局,持世寺,,
取出間隔,10分間隔,,
取出期間,　2023/06/25〜,,　2023/07/02
,,,
観測時刻,水位,差分,
　2023/06/25 00:10,,,
　2023/06/25 00:20,,,
　2023/06/25 00:30,,,
　2023/06/25 00:40,,,
　2023/06/25 00:50,,,
　2023/06/25 01:00,2.83,0,
　2023/06/25 01:10,,,
　2023/06/25 01:20,,,
　2023/06/25 01:30,,,
　2023/06/25 01:40,,,
　2023/06/25 01:50,,,
　2023/06/25 02:00,2.83,0,
　2023/06/25 02:10,,,
　2023/06/25 02:20,,,
　2023/06/25 02:30,,,
　2023/06/25 02:40,,,
　2023/06/25 02:50,,,
　2023/06/25 03:00,2.83,0,
　2023/06/25 03:10,,,
　2023/06/25 03:20,,,
　2023/06/25 03:30,,,
　2023/06/25 03:40,,,
　2023/06/25 03:50,,,
　2023/06/25 04:00,2.83,0,
　2023/06/25 04:10,,,
　2023/06/25 04:20,,,
　2023/06/25 04:30,,,
　2023/06/25 04:40,,,
　2023/06/25 04:50,,,
　2023/06/25 05:00,2.82,-0.01,
　2023/06/25 05:10,,,
　2023/06/25 05:20,,,
　2023/06/25 05:30,,,
　2023/06/25 05:40,,,
　2023/06/25 05:50,,,
　2023/06/25 06:00,2.82,0,
　2023/06/25 06:10,,,
　2023/06/25 06:20,,,
　2023/06/25 06:30,,,
　2023/06/25 06:40,,,
　2023/06/25 06:50,,,
　2023/06/25 07:00,2.82,0,
　2023/06/25 07:10,,,
　2023/06/25 07:20,,,
　2023/06/25 07:30,,,
　2023/06/25 07:40,,,
　2023/06/25 07:50,,,
　2023/06/25 08:00,2.82,0,
　2023/06/25 08:10,,,
　2023/06/25 08:20,,,
　2023/06/25 08:30,,,
　2023/06/25 08:40,,,
　2023/06/25 08:50,,,
　2023/06/25 09:00,2.82,0,
　2023/06/25 09:10,,,
　2023/06/25 09:20,,,
　2023/06/25 09:30,,,
　2023/06/25 09:40,,,
　2023/06/25 09:50,,,
　2023/06/25 10:00,2.82,0,
　2023/06/25 10:10,,,
　2023/06/25 10:20,,,
　2023/06/25 10:30,,,
　2023/06/25 10:40,,,
　2023/06/25 10:50,,,
　2023/06/25 11:00,2.82,0,
　2023/06/25 11:10,,,
　2023/06/25 11:20,,,
　2023/06/25 11:30,,,
　2023/06/25 11:40,,,
　2023/06/25 11:50,,,
　2023/06/25 12:00,2.82,0,
　2023/06/25 12:10,,,
　2023/06/25 12:20,,,
　2023/06/25 12:30,,,
　2023/06/25 12:40,,,
　2023/06/25 12:50,,,
　2023/06/25 13:00,2.82,0,
　2023/06/25 13:10,,,
　2023/06/25 13:20,,,
　2023/06/25 13:30,,,
　2023/06/25 13:40,,,
　2023/06/25 13:50,,,
　2023/06/25 14:00,2.82,0,
　2023/06/25 14:10,,,
　2023/06/25 14:20,,,
　2023/06/25 14:30,,,
　2023/06/25 14:40,,,
　2023/06/25 14:50,,,
　2023/06/25 15:00,2.83,0.01,
　2023/06/25 15:10,,,
　2023/06/25 15:20,,,
　2023/06/25 15:30,,,
　2023/06/25 15:40,,,
　2023/06/25 15:50,,,
　2023/06/25 16:00,2.82,-0.01,
　2023/06/25 16:10,,,
　2023/06/25 16:20,,,
　2023/06/25 16:30,,,
　2023/06/25 16:40,,,
　2023/06/25 16:50,,,
　2023/06/25 17:00,2.82,0,
　2023/06/25 17:10,,,
　2023/06/25 17:20,,,
　2023/06/25 17:30,,,
　2023/06/25 17:40,,,
　2023/06/25 17:50,,,
　2023/06/25 18:00,2.67,-0.15,
　2023/06/25 18:10,2.66,-0.01,
　2023/06/25 18:20,2.65,-0.01,
　2023/06/25 18:30,2.64,-0.01,
　2023/06/25 18:40,2.63,-0.01,
　2023/06/25 18:50,2.63,0,
　2023/06/25 19:00,2.62,-0.01,
　2023/06/25 19:10,2.62,0,
　2023/06/25 19:20,2.62,0,
　2023/06/25 19:30,2.61,-0.01,
　2023/06/25 19:40,2.61,0,
　2023/06/25 19:50,2.61,0,
　2023/06/25 20:00,2.61,0,
　2023/06/25 20:10,2.6,-0.01,
　2023/06/25 20:20,2.6,0,
　2023/06/25 20:30,2.6,0,
　2023/06/25 20:40,2.6,0,
　2023/06/25 20:50,2.6,0,
　2023/06/25 21:00,2.6,0,
　2023/06/25 21:10,2.6,0,
　2023/06/25 21:20,2.6,0,
　2023/06/25 21:30,2.6,0,
　2023/06/25 21:40,2.6,0,
　2023/06/25 21:50,2.6,0,
　2023/06/25 22:00,2.6,0,
　2023/06/25 22:10,2.6,0,
　2023/06/25 22:20,2.6,0,
　2023/06/25 22:30,2.6,0,
　2023/06/25 22:40,2.6,0,
　2023/06/25 22:50,2.6,0,
　2023/06/25 23:00,2.6,0,
　2023/06/25 23:10,2.6,0,
　2023/06/25 23:20,2.6,0,
　2023/06/25 23:30,2.6,0,
　2023/06/25 23:40,2.6,0,
　2023/06/25 23:50,2.6,0,
　2023/06/25 24:00,2.6,0,
　2023/06/26 00:10,2.61,0.01,
　2023/06/26 00:20,2.61,0,
　2023/06/26 00:30,2.61,0,
　2023/06/26 00:40,2.61,0,
　2023/06/26 00:50,2.62,0.01,
　2023/06/26 01:00,2.62,0,
　2023/06/26 01:10,2.62,0,
　2023/06/26 01:20,2.63,0.01,
　2023/06/26 01:30,2.63,0,
　2023/06/26 01:40,2.63,0,
　2023/06/26 01:50,2.64,0.01,
　2023/06/26 02:00,2.65,0.01,
　2023/06/26 02:10,2.66,0.01,
　2023/06/26 02:20,2.67,0.01,
　2023/06/26 02:30,2.68,0.01,
　2023/06/26 02:40,2.69,0.01,
　2023/06/26 02:50,2.71,0.02,
　2023/06/26 03:00,2.72,0.01,
　2023/06/26 03:10,2.73,0.01,
　2023/06/26 03:20,2.75,0.02,
　2023/06/26 03:30,2.77,0.02,
　2023/06/26 03:40,2.78,0.01,
　2023/06/26 03:50,2.8,0.02,
　2023/06/26 04:00,2.81,0.01,
　2023/06/26 04:10,2.82,0.01,
　2023/06/26 04:20,2.83,0.01,
　2023/06/26 04:30,2.83,0,
　2023/06/26 04:40,2.83,0,
　2023/06/26 04:50,2.83,0,
　2023/06/26 05:00,2.83,0,
　2023/06/26 05:10,2.83,0,
　2023/06/26 05:20,2.83,0,
　2023/06/26 05:30,2.83,0,
　2023/06/26 05:40,2.83,0,
　2023/06/26 05:50,2.85,0.02,
　2023/06/26 06:00,2.87,0.02,
　2023/06/26 06:10,2.9,0.03,
　2023/06/26 06:20,2.93,0.03,
　2023/06/26 06:30,2.97,0.04,
　2023/06/26 06:40,2.99,0.02,
　2023/06/26 06:50,3.01,0.02,
　2023/06/26 07:00,3.03,0.02,
　2023/06/26 07:10,3.03,0,
　2023/06/26 07:20,3.03,0,
　2023/06/26 07:30,3.03,0,
　2023/06/26 07:40,3.03,0,
　2023/06/26 07:50,3.02,-0.01,
　2023/06/26 08:00,3.01,-0.01,
　2023/06/26 08:10,3.01,0,
　2023/06/26 08:20,3,-0.01,
　2023/06/26 08:30,2.99,-0.01,
　2023/06/26 08:40,2.99,0,
　2023/06/26 08:50,2.99,0,
　2023/06/26 09:00,2.98,-0.01,
　2023/06/26 09:10,2.98,0,
　2023/06/26 09:20,2.97,-0.01,
　2023/06/26 09:30,2.96,-0.01,
　2023/06/26 09:40,2.95,-0.01,
　2023/06/26 09:50,2.94,-0.01,
　2023/06/26 10:00,2.92,-0.02,
　2023/06/26 10:10,2.9,-0.02,
　2023/06/26 10:20,2.89,-0.01,
　2023/06/26 10:30,2.87,-0.02,
　2023/06/26 10:40,2.85,-0.02,
　2023/06/26 10:50,2.84,-0.01,
　2023/06/26 11:00,2.82,-0.02,
　2023/06/26 11:10,2.81,-0.01,
　2023/06/26 11:20,2.8,-0.01,
　2023/06/26 11:30,2.79,-0.01,
　2023/06/26 11:40,2.78,-0.01,
　2023/06/26 11:50,2.78,0,
　2023/06/26 12:00,2.78,0,
　2023/06/26 12:10,2.78,0,
　2023/06/26 12:20,2.79,0.01,
　2023/06/26 12:30,2.79,0,
　2023/06/26 12:40,2.8,0.01,
　2023/06/26 12:50,2.81,0.01,
　2023/06/26 13:00,2.81,0,
　2023/06/26 13:10,2.81,0,
　2023/06/26 13:20,2.82,0.01,
　2023/06/26 13:30,2.82,0,
　2023/06/26 13:40,2.82,0,
　2023/06/26 13:50,2.82,0,
　2023/06/26 14:00,2.83,0.01,
　2023/06/26 14:10,2.83,0,
　2023/06/26 14:20,2.84,0.01,
　2023/06/26 14:30,2.85,0.01,
　2023/06/26 14:40,2.85,0,
　2023/06/26 14:50,2.86,0.01,
　2023/06/26 15:00,2.87,0.01,
　2023/06/26 15:10,2.87,0,
　2023/06/26 15:20,2.88,0.01,
　2023/06/26 15:30,2.88,0,
　2023/06/26 15:40,2.88,0,
　2023/06/26 15:50,2.88,0,
　2023/06/26 16:00,2.88,0,
　2023/06/26 16:10,2.88,0,
　2023/06/26 16:20,2.87,-0.01,
　2023/06/26 16:30,2.87,0,
　2023/06/26 16:40,2.86,-0.01,
　2023/06/26 16:50,2.86,0,
　2023/06/26 17:00,2.86,0,
　2023/06/26 17:10,2.85,-0.01,
　2023/06/26 17:20,2.85,0,
　2023/06/26 17:30,2.85,0,
　2023/06/26 17:40,2.84,-0.01,
　2023/06/26 17:50,2.84,0,
　2023/06/26 18:00,2.83,-0.01,
　2023/06/26 18:10,2.83,0,
　2023/06/26 18:20,2.82,-0.01,
　2023/06/26 18:30,2.82,0,
　2023/06/26 18:40,2.81,-0.01,
　2023/06/26 18:50,2.81,0,
　2023/06/26 19:00,2.81,0,
　2023/06/26 19:10,2.81,0,
　2023/06/26 19:20,2.81,0,
　2023/06/26 19:30,2.81,0,
　2023/06/26 19:40,2.81,0,
　2023/06/26 19:50,2.8,-0.01,
　2023/06/26 20:00,2.8,0,
　2023/06/26 20:10,2.8,0,
　2023/06/26 20:20,2.8,0,
　2023/06/26 20:30,2.8,0,
　2023/06/26 20:40,2.8,0,
　2023/06/26 20:50,2.8,0,
　2023/06/26 21:00,2.8,0,
　2023/06/26 21:10,2.8,0,
　2023/06/26 21:20,2.8,0,
　2023/06/26 21:30,2.8,0,
　2023/06/26 21:40,2.8,0,
　2023/06/26 21:50,2.8,0,
　2023/06/26 22:00,2.8,0,
　2023/06/26 22:10,2.8,0,
　2023/06/26 22:20,2.8,0,
　2023/06/26 22:30,2.8,0,
　2023/06/26 22:40,2.8,0,
　2023/06/26 22:50,2.8,0,
　2023/06/26 23:00,2.8,0,
　2023/06/26 23:10,2.8,0,
　2023/06/26 23:20,2.8,0,
　2023/06/26 23:30,2.8,0,
　2023/06/26 23:40,2.8,0,
　2023/06/26 23:50,2.8,0,
　2023/06/26 24:00,2.8,0,
　2023/06/27 00:10,2.8,0,
　2023/06/27 00:20,2.8,0,
　2023/06/27 00:30,2.79,-0.01,
　2023/06/27 00:40,2.79,0,
　2023/06/27 00:50,2.79,0,
　2023/06/27 01:00,2.78,-0.01,
　2023/06/27 01:10,2.78,0,
　2023/06/27 01:20,2.78,0,
　2023/06/27 01:30,2.77,-0.01,
　2023/06/27 01:40,2.77,0,
　2023/06/27 01:50,2.77,0,
　2023/06/27 02:00,2.77,0,
　2023/06/27 02:10,2.76,-0.01,
　2023/06/27 02:20,2.76,0,
　2023/06/27 02:30,2.76,0,
　2023/06/27 02:40,2.76,0,
　2023/06/27 02:50,2.76,0,
　2023/06/27 03:00,2.76,0,
　2023/06/27 03:10,2.76,0,
　2023/06/27 03:20,2.76,0,
　2023/06/27 03:30,2.76,0,
　2023/06/27 03:40,2.76,0,
　2023/06/27 03:50,2.76,0,
　2023/06/27 04:00,2.76,0,
　2023/06/27 04:10,2.76,0,
　2023/06/27 04:20,2.76,0,
　2023/06/27 04:30,2.76,0,
　2023/06/27 04:40,2.76,0,
　2023/06/27 04:50,2.76,0,
　2023/06/27 05:00,2.76,0,
　2023/06/27 05:10,2.76,0,
　2023/06/27 05:20,2.76,0,
　2023/06/27 05:30,2.76,0,
　2023/06/27 05:40,2.76,0,
　2023/06/27 05:50,2.76,0,
　2023/06/27 06:00,2.76,0,
　2023/06/27 06:10,2.76,0,
　2023/06/27 06:20,2.76,0,
　2023/06/27 06:30,2.76,0,
　2023/06/27 06:40,2.76,0,
　2023/06/27 06:50,2.76,0,
　2023/06/27 07:00,2.76,0,
　2023/06/27 07:10,2.75,-0.01,
　2023/06/27 07:20,2.75,0,
　2023/06/27 07:30,2.75,0,
　2023/06/27 07:40,2.75,0,
　2023/06/27 07:50,2.74,-0.01,
　2023/06/27 08:00,2.74,0,
　2023/06/27 08:10,2.73,-0.01,
　2023/06/27 08:20,2.72,-0.01,
　2023/06/27 08:30,2.72,0,
　2023/06/27 08:40,2.71,-0.01,
　2023/06/27 08:50,2.71,0,
　2023/06/27 09:00,2.7,-0.01,
　2023/06/27 09:10,2.7,0,
　2023/06/27 09:20,2.69,-0.01,
　2023/06/27 09:30,2.69,0,
　2023/06/27 09:40,2.69,0,
　2023/06/27 09:50,2.68,-0.01,
　2023/06/27 10:00,2.68,0,
　2023/06/27 10:10,2.68,0,
　2023/06/27 10:20,2.68,0,
　2023/06/27 10:30,2.71,0.03,
　2023/06/27 10:40,2.72,0.01,
　2023/06/27 10:50,2.74,0.02,
　2023/06/27 11:00,2.75,0.01,
　2023/06/27 11:10,2.77,0.02,
　2023/06/27 11:20,2.78,0.01,
　2023/06/27 11:30,2.79,0.01,
　2023/06/27 11:40,2.81,0.02,
　2023/06/27 11:50,2.82,0.01,
　2023/06/27 12:00,2.83,0.01,
　2023/06/27 12:10,2.84,0.01,
　2023/06/27 12:20,2.85,0.01,
　2023/06/27 12:30,2.86,0.01,
　2023/06/27 12:40,2.86,0,
　2023/06/27 12:50,2.87,0.01,
　2023/06/27 13:00,2.87,0,
　2023/06/27 13:10,2.87,0,
　2023/06/27 13:20,2.87,0,
　2023/06/27 13:30,2.88,0.01,
　2023/06/27 13:40,2.88,0,
　2023/06/27 13:50,2.88,0,
　2023/06/27 14:00,2.89,0.01,
　2023/06/27 14:10,2.89,0,
　2023/06/27 14:20,2.9,0.01,
　2023/06/27 14:30,2.91,0.01,
　2023/06/27 14:40,2.92,0.01,
　2023/06/27 14:50,2.93,0.01,
　2023/06/27 15:00,2.94,0.01,
　2023/06/27 15:10,2.94,0,
　2023/06/27 15:20,2.94,0,
　2023/06/27 15:30,2.94,0,
　2023/06/27 15:40,2.94,0,
　2023/06/27 15:50,2.94,0,
　2023/06/27 16:00,2.93,-0.01,
　2023/06/27 16:10,2.93,0,
　2023/06/27 16:20,2.92,-0.01,
　2023/06/27 16:30,2.91,-0.01,
　2023/06/27 16:40,2.91,0,
　2023/06/27 16:50,2.9,-0.01,
　2023/06/27 17:00,2.9,0,
　2023/06/27 17:10,2.9,0,
　2023/06/27 17:20,2.89,-0.01,
　2023/06/27 17:30,2.89,0,
　2023/06/27 17:40,2.89,0,
　2023/06/27 17:50,2.84,-0.05,
　2023/06/27 18:00,2.83,-0.01,
　2023/06/27 18:10,2.81,-0.02,
　2023/06/27 18:20,2.8,-0.01,
　2023/06/27 18:30,2.8,0,
　2023/06/27 18:40,2.79,-0.01,
　2023/06/27 18:50,2.79,0,
　2023/06/27 19:00,2.78,-0.01,
　2023/06/27 19:10,2.78,0,
　2023/06/27 19:20,2.78,0,
　2023/06/27 19:30,2.78,0,
　2023/06/27 19:40,2.77,-0.01,
　2023/06/27 19:50,2.77,0,
　2023/06/27 20:00,2.77,0,
　2023/06/27 20:10,2.77,0,
　2023/06/27 20:20,2.77,0,
　2023/06/27 20:30,2.77,0,
　2023/06/27 20:40,2.77,0,
　2023/06/27 20:50,2.77,0,
　2023/06/27 21:00,2.77,0,
　2023/06/27 21:10,2.77,0,
　2023/06/27 21:20,2.77,0,
　2023/06/27 21:30,2.76,-0.01,
　2023/06/27 21:40,2.76,0,
　2023/06/27 21:50,2.76,0,
　2023/06/27 22:00,2.76,0,
　2023/06/27 22:10,2.75,-0.01,
　2023/06/27 22:20,2.75,0,
　2023/06/27 22:30,2.75,0,
　2023/06/27 22:40,2.75,0,
　2023/06/27 22:50,2.75,0,
　2023/06/27 23:00,2.74,-0.01,
　2023/06/27 23:10,2.74,0,
　2023/06/27 23:20,2.74,0,
　2023/06/27 23:30,2.74,0,
　2023/06/27 23:40,2.74,0,
　2023/06/27 23:50,2.74,0,
　2023/06/27 24:00,2.74,0,
　2023/06/28 00:10,2.74,0,
　2023/06/28 00:20,2.74,0,
　2023/06/28 00:30,2.74,0,
　2023/06/28 00:40,2.74,0,
　2023/06/28 00:50,2.74,0,
　2023/06/28 01:00,2.74,0,
　2023/06/28 01:10,2.74,0,
　2023/06/28 01:20,2.74,0,
　2023/06/28 01:30,2.74,0,
　2023/06/28 01:40,2.74,0,
　2023/06/28 01:50,2.74,0,
　2023/06/28 02:00,2.74,0,
　2023/06/28 02:10,,,
　2023/06/28 02:20,,,
　2023/06/28 02:30,,,
　2023/06/28 02:40,,,
　2023/06/28 02:50,,,
　2023/06/28 03:00,2.74,0,
　2023/06/28 03:10,,,
　2023/06/28 03:20,,,
　2023/06/28 03:30,,,
　2023/06/28 03:40,,,
　2023/06/28 03:50,,,
　2023/06/28 04:00,2.74,0,
　2023/06/28 04:10,,,
　2023/06/28 04:20,,,
　2023/06/28 04:30,,,
　2023/06/28 04:40,,,
　2023/06/28 04:50,,,
　2023/06/28 05:00,2.74,0,
　2023/06/28 05:10,,,
　2023/06/28 05:20,2.74,0,
　2023/06/28 05:30,2.74,0,
　2023/06/28 05:40,2.74,0,
　2023/06/28 05:50,2.74,0,
　2023/06/28 06:00,2.74,0,
　2023/06/28 06:10,2.74,0,
　2023/06/28 06:20,2.75,0.01,
　2023/06/28 06:30,2.76,0.01,
　2023/06/28 06:40,2.76,0,
　2023/06/28 06:50,2.77,0.01,
　2023/06/28 07:00,2.77,0,
　2023/06/28 07:10,2.77,0,
　2023/06/28 07:20,2.78,0.01,
　2023/06/28 07:30,2.78,0,
　2023/06/28 07:40,2.78,0,
　2023/06/28 07:50,2.78,0,
　2023/06/28 08:00,2.78,0,
　2023/06/28 08:10,2.78,0,
　2023/06/28 08:20,2.78,0,
　2023/06/28 08:30,2.78,0,
　2023/06/28 08:40,2.78,0,
　2023/06/28 08:50,2.79,0.01,
　2023/06/28 09:00,2.8,0.01,
　2023/06/28 09:10,2.8,0,
　2023/06/28 09:20,2.81,0.01,
　2023/06/28 09:30,2.81,0,
　2023/06/28 09:40,2.81,0,
　2023/06/28 09:50,2.82,0.01,
　2023/06/28 10:00,2.82,0,
　2023/06/28 10:10,2.82,0,
　2023/06/28 10:20,2.82,0,
　2023/06/28 10:30,2.82,0,
　2023/06/28 10:40,2.82,0,
　2023/06/28 10:50,2.82,0,
　2023/06/28 11:00,2.83,0.01,
　2023/06/28 11:10,2.83,0,
　2023/06/28 11:20,2.83,0,
　2023/06/28 11:30,2.84,0.01,
　2023/06/28 11:40,2.85,0.01,
　2023/06/28 11:50,2.85,0,
　2023/06/28 12:00,2.86,0.01,
　2023/06/28 12:10,2.87,0.01,
　2023/06/28 12:20,2.89,0.02,
　2023/06/28 12:30,2.91,0.02,
　2023/06/28 12:40,2.93,0.02,
　2023/06/28 12:50,2.94,0.01,
　2023/06/28 13:00,2.96,0.02,
　2023/06/28 13:10,2.97,0.01,
　2023/06/28 13:20,2.98,0.01,
　2023/06/28 13:30,2.98,0,
　2023/06/28 13:40,2.99,0.01,
　2023/06/28 13:50,2.99,0,
　2023/06/28 14:00,2.99,0,
　2023/06/28 14:10,2.99,0,
　2023/06/28 14:20,2.99,0,
　2023/06/28 14:30,2.99,0,
　2023/06/28 14:40,2.99,0,
　2023/06/28 14:50,2.99,0,
　2023/06/28 15:00,2.99,0,
　2023/06/28 15:10,2.99,0,
　2023/06/28 15:20,2.99,0,
　2023/06/28 15:30,2.99,0,
　2023/06/28 15:40,2.99,0,
　2023/06/28 15:50,2.99,0,
　2023/06/28 16:00,2.96,-0.03,
　2023/06/28 16:10,2.94,-0.02,
　2023/06/28 16:20,2.94,0,
　2023/06/28 16:30,2.93,-0.01,
　2023/06/28 16:40,2.93,0,
　2023/06/28 16:50,2.93,0,
　2023/06/28 17:00,2.94,0.01,
　2023/06/28 17:10,2.94,0,
　2023/06/28 17:20,2.94,0,
　2023/06/28 17:30,2.95,0.01,
　2023/06/28 17:40,2.94,-0.01,
　2023/06/28 17:50,2.94,0,
　2023/06/28 18:00,2.94,0,
　2023/06/28 18:10,2.94,0,
　2023/06/28 18:20,2.92,-0.02,
　2023/06/28 18:30,2.89,-0.03,
　2023/06/28 18:40,2.82,-0.07,
　2023/06/28 18:50,2.75,-0.07,
　2023/06/28 19:00,2.72,-0.03,
　2023/06/28 19:10,2.7,-0.02,
　2023/06/28 19:20,2.69,-0.01,
　2023/06/28 19:30,2.68,-0.01,
　2023/06/28 19:40,2.67,-0.01,
　2023/06/28 19:50,2.67,0,
　2023/06/28 20:00,2.66,-0.01,
　2023/06/28 20:10,2.66,0,
　2023/06/28 20:20,2.66,0,
　2023/06/28 20:30,2.65,-0.01,
　2023/06/28 20:40,2.64,-0.01,
　2023/06/28 20:50,2.63,-0.01,
　2023/06/28 21:00,2.62,-0.01,
　2023/06/28 21:10,2.61,-0.01,
　2023/06/28 21:20,2.6,-0.01,
　2023/06/28 21:30,2.59,-0.01,
　2023/06/28 21:40,2.58,-0.01,
　2023/06/28 21:50,2.58,0,
　2023/06/28 22:00,2.57,-0.01,
　2023/06/28 22:10,2.57,0,
　2023/06/28 22:20,2.57,0,
　2023/06/28 22:30,2.57,0,
　2023/06/28 22:40,2.57,0,
　2023/06/28 22:50,2.57,0,
　2023/06/28 23:00,2.57,0,
　2023/06/28 23:10,2.57,0,
　2023/06/28 23:20,2.57,0,
　2023/06/28 23:30,2.57,0,
　2023/06/28 23:40,2.57,0,
　2023/06/28 23:50,2.57,0,
　2023/06/28 24:00,2.57,0,
　2023/06/29 00:10,2.57,0,
　2023/06/29 00:20,2.57,0,
　2023/06/29 00:30,2.57,0,
　2023/06/29 00:40,2.57,0,
　2023/06/29 00:50,2.57,0,
　2023/06/29 01:00,2.57,0,
　2023/06/29 01:10,2.57,0,
　2023/06/29 01:20,2.57,0,
　2023/06/29 01:30,2.57,0,
　2023/06/29 01:40,2.57,0,
　2023/06/29 01:50,2.57,0,
　2023/06/29 02:00,2.57,0,
　2023/06/29 02:10,2.57,0,
　2023/06/29 02:20,2.57,0,
　2023/06/29 02:30,2.57,0,
　2023/06/29 02:40,2.57,0,
　2023/06/29 02:50,2.56,-0.01,
　2023/06/29 03:00,2.57,0.01,
　2023/06/29 03:10,2.56,-0.01,
　2023/06/29 03:20,2.56,0,
　2023/06/29 03:30,2.56,0,
　2023/06/29 03:40,2.56,0,
　2023/06/29 03:50,2.56,0,
　2023/06/29 04:00,2.56,0,
　2023/06/29 04:10,2.56,0,
　2023/06/29 04:20,2.56,0,
　2023/06/29 04:30,2.56,0,
　2023/06/29 04:40,2.56,0,
　2023/06/29 04:50,2.56,0,
　2023/06/29 05:00,2.56,0,
　2023/06/29 05:10,2.56,0,
　2023/06/29 05:20,2.56,0,
　2023/06/29 05:30,2.56,0,
　2023/06/29 05:40,2.56,0,
　2023/06/29 05:50,2.56,0,
　2023/06/29 06:00,2.56,0,
　2023/06/29 06:10,2.56,0,
　2023/06/29 06:20,2.56,0,
　2023/06/29 06:30,2.56,0,
　2023/06/29 06:40,2.56,0,
　2023/06/29 06:50,2.56,0,
　2023/06/29 07:00,2.56,0,
　2023/06/29 07:10,2.56,0,
　2023/06/29 07:20,2.56,0,
　2023/06/29 07:30,2.56,0,
　2023/06/29 07:40,2.56,0,
　2023/06/29 07:50,2.56,0,
　2023/06/29 08:00,2.56,0,
　2023/06/29 08:10,2.56,0,
　2023/06/29 08:20,2.56,0,
　2023/06/29 08:30,2.56,0,
　2023/06/29 08:40,2.56,0,
　2023/06/29 08:50,2.56,0,
　2023/06/29 09:00,2.56,0,
　2023/06/29 09:10,2.56,0,
　2023/06/29 09:20,2.56,0,
　2023/06/29 09:30,2.56,0,
　2023/06/29 09:40,2.56,0,
　2023/06/29 09:50,2.56,0,
　2023/06/29 10:00,2.56,0,
　2023/06/29 10:10,2.56,0,
　2023/06/29 10:20,2.56,0,
　2023/06/29 10:30,2.56,0,
　2023/06/29 10:40,2.56,0,
　2023/06/29 10:50,2.56,0,
　2023/06/29 11:00,2.56,0,
　2023/06/29 11:10,2.55,-0.01,
　2023/06/29 11:20,2.55,0,
　2023/06/29 11:30,2.55,0,
　2023/06/29 11:40,2.54,-0.01,
　2023/06/29 11:50,2.54,0,
　2023/06/29 12:00,2.54,0,
　2023/06/29 12:10,2.54,0,
　2023/06/29 12:20,2.54,0,
　2023/06/29 12:30,2.55,0.01,
　2023/06/29 12:40,2.56,0.01,
　2023/06/29 12:50,2.58,0.02,
　2023/06/29 13:00,2.6,0.02,
　2023/06/29 13:10,2.62,0.02,
　2023/06/29 13:20,2.64,0.02,
　2023/06/29 13:30,2.66,0.02,
　2023/06/29 13:40,2.69,0.03,
　2023/06/29 13:50,2.73,0.04,
　2023/06/29 14:00,2.79,0.06,
　2023/06/29 14:10,2.84,0.05,
　2023/06/29 14:20,2.89,0.05,
　2023/06/29 14:30,2.93,0.04,
　2023/06/29 14:40,2.96,0.03,
　2023/06/29 14:50,2.97,0.01,
　2023/06/29 15:00,2.98,0.01,
　2023/06/29 15:10,2.99,0.01,
　2023/06/29 15:20,3,0.01,
　2023/06/29 15:30,3,0,
　2023/06/29 15:40,2.91,-0.09,
　2023/06/29 15:50,2.88,-0.03,
　2023/06/29 16:00,2.88,0,
　2023/06/29 16:10,2.88,0,
　2023/06/29 16:20,2.88,0,
　2023/06/29 16:30,2.89,0.01,
　2023/06/29 16:40,2.89,0,
　2023/06/29 16:50,2.88,-0.01,
　2023/06/29 17:00,2.89,0.01,
　2023/06/29 17:10,2.89,0,
　2023/06/29 17:20,2.88,-0.01,
　2023/06/29 17:30,2.88,0,
　2023/06/29 17:40,2.88,0,
　2023/06/29 17:50,2.88,0,
　2023/06/29 18:00,2.89,0.01,
　2023/06/29 18:10,2.9,0.01,
　2023/06/29 18:20,2.93,0.03,
　2023/06/29 18:30,2.97,0.04,
　2023/06/29 18:40,3.04,0.07,
　2023/06/29 18:50,3.13,0.09,
　2023/06/29 19:00,3.22,0.09,
　2023/06/29 19:10,3.3,0.08,
　2023/06/29 19:20,3.36,0.06,
　2023/06/29 19:30,3.41,0.05,
　2023/06/29 19:40,3.43,0.02,
　2023/06/29 19:50,3.45,0.02,
　2023/06/29 20:00,3.46,0.01,
　2023/06/29 20:10,3.46,0,
　2023/06/29 20:20,3.47,0.01,
　2023/06/29 20:30,3.47,0,
　2023/06/29 20:40,3.47,0,
　2023/06/29 20:50,3.47,0,
　2023/06/29 21:00,3.47,0,
　2023/06/29 21:10,3.47,0,
　2023/06/29 21:20,3.47,0,
　2023/06/29 21:30,3.46,-0.01,
　2023/06/29 21:40,3.46,0,
　2023/06/29 21:50,3.46,0,
　2023/06/29 22:00,3.45,-0.01,
　2023/06/29 22:10,3.45,0,
　2023/06/29 22:20,3.42,-0.03,
　2023/06/29 22:30,3.4,-0.02,
　2023/06/29 22:40,3.37,-0.03,
　2023/06/29 22:50,3.34,-0.03,
　2023/06/29 23:00,3.31,-0.03,
　2023/06/29 23:10,3.29,-0.02,
　2023/06/29 23:20,3.27,-0.02,
　2023/06/29 23:30,3.25,-0.02,
　2023/06/29 23:40,3.24,-0.01,
　2023/06/29 23:50,3.22,-0.02,
　2023/06/29 24:00,3.2,-0.02,
　2023/06/30 00:10,3.17,-0.03,
　2023/06/30 00:20,3.14,-0.03,
　2023/06/30 00:30,3.1,-0.04,
　2023/06/30 00:40,3.07,-0.03,
　2023/06/30 00:50,3.04,-0.03,
　2023/06/30 01:00,3.02,-0.02,
　2023/06/30 01:10,3,-0.02,
　2023/06/30 01:20,2.99,-0.01,
　2023/06/30 01:30,2.98,-0.01,
　2023/06/30 01:40,2.98,0,
　2023/06/30 01:50,2.97,-0.01,
　2023/06/30 02:00,2.97,0,
　2023/06/30 02:10,2.97,0,
　2023/06/30 02:20,2.97,0,
　2023/06/30 02:30,2.97,0,
　2023/06/30 02:40,2.97,0,
　2023/06/30 02:50,2.97,0,
　2023/06/30 03:00,2.97,0,
　2023/06/30 03:10,2.97,0,
　2023/06/30 03:20,2.97,0,
　2023/06/30 03:30,2.97,0,
　2023/06/30 03:40,2.97,0,
　2023/06/30 03:50,2.97,0,
　2023/06/30 04:00,2.97,0,
　2023/06/30 04:10,2.97,0,
　2023/06/30 04:20,2.97,0,
　2023/06/30 04:30,2.97,0,
　2023/06/30 04:40,2.97,0,
　2023/06/30 04:50,2.97,0,
　2023/06/30 05:00,2.96,-0.01,
　2023/06/30 05:10,2.94,-0.02,
　2023/06/30 05:20,2.91,-0.03,
　2023/06/30 05:30,2.88,-0.03,
　2023/06/30 05:40,2.86,-0.02,
　2023/06/30 05:50,2.84,-0.02,
　2023/06/30 06:00,2.82,-0.02,
　2023/06/30 06:10,2.81,-0.01,
　2023/06/30 06:20,2.8,-0.01,
　2023/06/30 06:30,2.8,0,
　2023/06/30 06:40,2.8,0,
　2023/06/30 06:50,2.8,0,
　2023/06/30 07:00,2.8,0,
　2023/06/30 07:10,2.8,0,
　2023/06/30 07:20,2.8,0,
　2023/06/30 07:30,2.8,0,
　2023/06/30 07:40,2.79,-0.01,
　2023/06/30 07:50,2.79,0,
　2023/06/30 08:00,2.79,0,
　2023/06/30 08:10,2.79,0,
　2023/06/30 08:20,2.79,0,
　2023/06/30 08:30,2.79,0,
　2023/06/30 08:40,2.79,0,
　2023/06/30 08:50,2.79,0,
　2023/06/30 09:00,2.79,0,
　2023/06/30 09:10,2.79,0,
　2023/06/30 09:20,2.78,-0.01,
　2023/06/30 09:30,2.78,0,
　2023/06/30 09:40,2.78,0,
　2023/06/30 09:50,2.78,0,
　2023/06/30 10:00,2.78,0,
　2023/06/30 10:10,2.78,0,
　2023/06/30 10:20,2.78,0,
　2023/06/30 10:30,2.78,0,
　2023/06/30 10:40,2.78,0,
　2023/06/30 10:50,2.78,0,
　2023/06/30 11:00,2.78,0,
　2023/06/30 11:10,2.78,0,
　2023/06/30 11:20,2.78,0,
　2023/06/30 11:30,2.78,0,
　2023/06/30 11:40,2.78,0,
　2023/06/30 11:50,2.78,0,
　2023/06/30 12:00,2.78,0,
　2023/06/30 12:10,2.78,0,
　2023/06/30 12:20,2.78,0,
　2023/06/30 12:30,2.78,0,
　2023/06/30 12:40,2.78,0,
　2023/06/30 12:50,2.78,0,
　2023/06/30 13:00,2.78,0,
　2023/06/30 13:10,2.79,0.01,
　2023/06/30 13:20,2.79,0,
　2023/06/30 13:30,2.8,0.01,
　2023/06/30 13:40,2.81,0.01,
　2023/06/30 13:50,2.82,0.01,
　2023/06/30 14:00,2.85,0.03,
　2023/06/30 14:10,2.91,0.06,
　2023/06/30 14:20,2.99,0.08,
　2023/06/30 14:30,3.07,0.08,
　2023/06/30 14:40,3.15,0.08,
　2023/06/30 14:50,3.19,0.04,
　2023/06/30 15:00,3.21,0.02,
　2023/06/30 15:10,3.21,0,
　2023/06/30 15:20,3.22,0.01,
　2023/06/30 15:30,3.23,0.01,
　2023/06/30 15:40,3.26,0.03,
　2023/06/30 15:50,3.28,0.02,
　2023/06/30 16:00,3.31,0.03,
　2023/06/30 16:10,3.32,0.01,
　2023/06/30 16:20,3.33,0.01,
　2023/06/30 16:30,3.33,0,
　2023/06/30 16:40,3.35,0.02,
　2023/06/30 16:50,3.4,0.05,
　2023/06/30 17:00,3.46,0.06,
　2023/06/30 17:10,3.51,0.05,
　2023/06/30 17:20,3.55,0.04,
　2023/06/30 17:30,3.61,0.06,
　2023/06/30 17:40,3.67,0.06,
　2023/06/30 17:50,3.73,0.06,
　2023/06/30 18:00,3.77,0.04,
　2023/06/30 18:10,3.81,0.04,
　2023/06/30 18:20,3.86,0.05,
　2023/06/30 18:30,3.9,0.04,
　2023/06/30 18:40,3.95,0.05,
　2023/06/30 18:50,4.01,0.06,
　2023/06/30 19:00,4.08,0.07,
　2023/06/30 19:10,4.16,0.08,
　2023/06/30 19:20,4.25,0.09,
　2023/06/30 19:30,4.34,0.09,
　2023/06/30 19:40,4.42,0.08,
　2023/06/30 19:50,4.5,0.08,
　2023/06/30 20:00,4.56,0.06,
　2023/06/30 20:10,4.62,0.06,
　2023/06/30 20:20,4.65,0.03,
　2023/06/30 20:30,4.67,0.02,
　2023/06/30 20:40,4.69,0.02,
　2023/06/30 20:50,4.69,0,
　2023/06/30 21:00,4.68,-0.01,
　2023/06/30 21:10,4.67,-0.01,
　2023/06/30 21:20,4.66,-0.01,
　2023/06/30 21:30,4.66,0,
　2023/06/30 21:40,4.66,0,
　2023/06/30 21:50,4.66,0,
　2023/06/30 22:00,4.65,-0.01,
　2023/06/30 22:10,4.65,0,
　2023/06/30 22:20,4.64,-0.01,
　2023/06/30 22:30,4.61,-0.03,
　2023/06/30 22:40,4.59,-0.02,
　2023/06/30 22:50,4.56,-0.03,
　2023/06/30 23:00,4.51,-0.05,
　2023/06/30 23:10,4.47,-0.04,
　2023/06/30 23:20,4.42,-0.05,
　2023/06/30 23:30,4.38,-0.04,
　2023/06/30 23:40,4.34,-0.04,
　2023/06/30 23:50,4.3,-0.04,
　2023/06/30 24:00,4.28,-0.02,
　2023/07/01 00:10,4.29,0.01,
　2023/07/01 00:20,4.35,0.06,
　2023/07/01 00:30,4.44,0.09,
　2023/07/01 00:40,4.59,0.15,
　2023/07/01 00:50,4.79,0.2,
　2023/07/01 01:00,5.02,0.23,
　2023/07/01 01:10,5.27,0.25,
　2023/07/01 01:20,5.51,0.24,
　2023/07/01 01:30,5.78,0.27,
　2023/07/01 01:40,6.02,0.24,
　2023/07/01 01:50,6.23,0.21,
　2023/07/01 02:00,6.41,0.18,
　2023/07/01 02:10,6.55,0.14,
　2023/07/01 02:20,6.67,0.12,
　2023/07/01 02:30,6.77,0.1,
　2023/07/01 02:40,6.89,0.12,
　2023/07/01 02:50,7.02,0.13,
　2023/07/01 03:00,7.12,0.1,
　2023/07/01 03:10,7.21,0.09,
　2023/07/01 03:20,7.29,0.08,
　2023/07/01 03:30,7.35,0.06,
　2023/07/01 03:40,7.39,0.04,
　2023/07/01 03:50,7.42,0.03,
　2023/07/01 04:00,7.44,0.02,
　2023/07/01 04:10,7.45,0.01,
　2023/07/01 04:20,7.46,0.01,
　2023/07/01 04:30,7.47,0.01,
　2023/07/01 04:40,7.47,0,
　2023/07/01 04:50,7.46,-0.01,
　2023/07/01 05:00,7.44,-0.02,
　2023/07/01 05:10,7.42,-0.02,
　2023/07/01 05:20,7.39,-0.03,
　2023/07/01 05:30,7.34,-0.05,
　2023/07/01 05:40,7.29,-0.05,
　2023/07/01 05:50,7.22,-0.07,
　2023/07/01 06:00,7.17,-0.05,
　2023/07/01 06:10,7.1,-0.07,
　2023/07/01 06:20,7.03,-0.07,
　2023/07/01 06:30,6.96,-0.07,
　2023/07/01 06:40,6.89,-0.07,
　2023/07/01 06:50,6.82,-0.07,
　2023/07/01 07:00,6.75,-0.07,
　2023/07/01 07:10,6.68,-0.07,
　2023/07/01 07:20,6.61,-0.07,
　2023/07/01 07:30,6.54,-0.07,
　2023/07/01 07:40,6.47,-0.07,
　2023/07/01 07:50,6.39,-0.08,
　2023/07/01 08:00,6.32,-0.07,
　2023/07/01 08:10,6.24,-0.08,
　2023/07/01 08:20,6.17,-0.07,
　2023/07/01 08:30,6.09,-0.08,
　2023/07/01 08:40,6.02,-0.07,
　2023/07/01 08:50,5.96,-0.06,
　2023/07/01 09:00,5.9,-0.06,
　2023/07/01 09:10,5.85,-0.05,
　2023/07/01 09:20,5.79,-0.06,
　2023/07/01 09:30,5.73,-0.06,
　2023/07/01 09:40,5.68,-0.05,
　2023/07/01 09:50,5.61,-0.07,
　2023/07/01 10:00,5.54,-0.07,
　2023/07/01 10:10,5.47,-0.07,
　2023/07/01 10:20,5.4,-0.07,
　2023/07/01 10:30,5.32,-0.08,
　2023/07/01 10:40,5.24,-0.08,
　2023/07/01 10:50,5.16,-0.08,
　2023/07/01 11:00,5.09,-0.07,
　2023/07/01 11:10,5,-0.09,
　2023/07/01 11:20,4.91,-0.09,
　2023/07/01 11:30,4.83,-0.08,
　2023/07/01 11:40,4.76,-0.07,
　2023/07/01 11:50,4.68,-0.08,
　2023/07/01 12:00,4.61,-0.07,
　2023/07/01 12:10,4.54,-0.07,
　2023/07/01 12:20,4.48,-0.06,
　2023/07/01 12:30,4.43,-0.05,
　2023/07/01 12:40,4.38,-0.05,
　2023/07/01 12:50,4.34,-0.04,
　2023/07/01 13:00,4.3,-0.04,
　2023/07/01 13:10,4.26,-0.04,
　2023/07/01 13:20,4.21,-0.05,
　2023/07/01 13:30,4.17,-0.04,
　2023/07/01 13:40,4.13,-0.04,
　2023/07/01 13:50,4.09,-0.04,
　2023/07/01 14:00,4.05,-0.04,
　2023/07/01 14:10,4.01,-0.04,
　2023/07/01 14:20,3.98,-0.03,
　2023/07/01 14:30,3.94,-0.04,
　2023/07/01 14:40,3.91,-0.03,
　2023/07/01 14:50,3.88,-0.03,
　2023/07/01 15:00,3.85,-0.03,
　2023/07/01 15:10,3.83,-0.02,
　2023/07/01 15:20,3.82,-0.01,
　2023/07/01 15:30,3.81,-0.01,
　2023/07/01 15:40,3.81,0,
　2023/07/01 15:50,3.81,0,
　2023/07/01 16:00,3.82,0.01,
　2023/07/01 16:10,3.83,0.01,
　2023/07/01 16:20,3.85,0.02,
　2023/07/01 16:30,3.86,0.01,
　2023/07/01 16:40,3.87,0.01,
　2023/07/01 16:50,3.88,0.01,
　2023/07/01 17:00,3.89,0.01,
　2023/07/01 17:10,3.89,0,
　2023/07/01 17:20,3.89,0,
　2023/07/01 17:30,3.89,0,
　2023/07/01 17:40,3.89,0,
　2023/07/01 17:50,3.88,-0.01,
　2023/07/01 18:00,3.88,0,
　2023/07/01 18:10,3.87,-0.01,
　2023/07/01 18:20,3.87,0,
　2023/07/01 18:30,3.86,-0.01,
　2023/07/01 18:40,3.86,0,
　2023/07/01 18:50,3.85,-0.01,
　2023/07/01 19:00,3.85,0,
　2023/07/01 19:10,3.84,-0.01,
　2023/07/01 19:20,3.83,-0.01,
　2023/07/01 19:30,3.82,-0.01,
　2023/07/01 19:40,3.82,0,
　2023/07/01 19:50,3.81,-0.01,
　2023/07/01 20:00,3.81,0,
　2023/07/01 20:10,3.8,-0.01,
　2023/07/01 20:20,3.8,0,
　2023/07/01 20:30,3.8,0,
　2023/07/01 20:40,3.8,0,
　2023/07/01 20:50,3.8,0,
　2023/07/01 21:00,3.8,0,
　2023/07/01 21:10,3.79,-0.01,
　2023/07/01 21:20,3.79,0,
　2023/07/01 21:30,3.78,-0.01,
　2023/07/01 21:40,3.78,0,
　2023/07/01 21:50,3.77,-0.01,
　2023/07/01 22:00,3.76,-0.01,
　2023/07/01 22:10,3.75,-0.01,
　2023/07/01 22:20,3.72,-0.03,
　2023/07/01 22:30,3.67,-0.05,
　2023/07/01 22:40,3.6,-0.07,
　2023/07/01 22:50,3.54,-0.06,
　2023/07/01 23:00,3.47,-0.07,
　2023/07/01 23:10,3.4,-0.07,
　2023/07/01 23:20,3.35,-0.05,
　2023/07/01 23:30,3.32,-0.03,
　2023/07/01 23:40,3.29,-0.03,
　2023/07/01 23:50,3.27,-0.02,
　2023/07/01 24:00,3.25,-0.02,
　2023/07/02 00:10,3.24,-0.01,
　2023/07/02 00:20,3.22,-0.02,
　2023/07/02 00:30,3.21,-0.01,
　2023/07/02 00:40,3.18,-0.03,
　2023/07/02 00:50,3.16,-0.02,
　2023/07/02 01:00,3.14,-0.02,
　2023/07/02 01:10,3.11,-0.03,
　2023/07/02 01:20,3.07,-0.04,
　2023/07/02 01:30,3.04,-0.03,
　2023/07/02 01:40,2.98,-0.06,
　2023/07/02 01:50,2.96,-0.02,
　2023/07/02 02:00,2.93,-0.03,
　2023/07/02 02:10,2.92,-0.01,
　2023/07/02 02:20,2.91,-0.01,
　2023/07/02 02:30,2.92,0.01,
　2023/07/02 02:40,2.92,0,
　2023/07/02 02:50,2.95,0.03,
　2023/07/02 03:00,2.94,-0.01,
　2023/07/02 03:10,2.96,0.02,
　2023/07/02 03:20,2.96,0,
　2023/07/02 03:30,2.96,0,
　2023/07/02 03:40,2.96,0,
　2023/07/02 03:50,2.97,0.01,
　2023/07/02 04:00,2.97,0,
　2023/07/02 04:10,2.97,0,
　2023/07/02 04:20,2.97,0,
　2023/07/02 04:30,2.97,0,
　2023/07/02 04:40,2.97,0,
　2023/07/02 04:50,2.97,0,
　2023/07/02 05:00,2.97,0,
　2023/07/02 05:10,2.98,0.01,
　2023/07/02 05:20,2.98,0,
　2023/07/02 05:30,2.98,0,
　2023/07/02 05:40,2.98,0,
　2023/07/02 05:50,2.98,0,
　2023/07/02 06:00,2.98,0,
　2023/07/02 06:10,2.98,0,
　2023/07/02 06:20,2.98,0,
　2023/07/02 06:30,2.96,-0.02,
　2023/07/02 06:40,2.92,-0.04,
　2023/07/02 06:50,2.89,-0.03,
　2023/07/02 07:00,2.86,-0.03,
　2023/07/02 07:10,2.83,-0.03,
　2023/07/02 07:20,2.8,-0.03,
　2023/07/02 07:30,2.78,-0.02,
　2023/07/02 07:40,2.77,-0.01,
　2023/07/02 07:50,2.77,0,
　2023/07/02 08:00,2.78,0.01,
　2023/07/02 08:10,2.79,0.01,
　2023/07/02 08:20,2.81,0.02,
　2023/07/02 08:30,2.83,0.02,
　2023/07/02 08:40,2.85,0.02,
　2023/07/02 08:50,2.87,0.02,
　2023/07/02 09:00,2.88,0.01,
　2023/07/02 09:10,2.88,0,
　2023/07/02 09:20,2.88,0,
　2023/07/02 09:30,2.86,-0.02,
　2023/07/02 09:40,2.83,-0.03,
　2023/07/02 09:50,2.79,-0.04,
　2023/07/02 10:00,2.75,-0.04,
　2023/07/02 10:10,2.72,-0.03,
　2023/07/02 10:20,2.7,-0.02,
　2023/07/02 10:30,2.7,0,
　2023/07/02 10:40,2.71,0.01,
　2023/07/02 10:50,2.73,0.02,
　2023/07/02 11:00,2.77,0.04,
　2023/07/02 11:10,2.8,0.03,
　2023/07/02 11:20,2.83,0.03,
　2023/07/02 11:30,2.84,0.01,
　2023/07/02 11:40,2.85,0.01,
　2023/07/02 11:50,2.84,-0.01,
　2023/07/02 12:00,2.82,-0.02,
